Order Number,Year,Month,Day,Product Number,Product Name,Count,Extra Col1,Extra Col2
1,2022,05,24,ICE567,ICE_CREAM,66.32,ERLTSIJAYMDKJMU,MKPZPVZGJFCZTNM
2,2021,01,22,DAI012,DAIRY,617.96,CWVTRYVQUVACRCE,BTXZZKJFRAWCMCS
3,2021,06,06,MAN789,MANGO,414.55,TKTCVSCFKLKGBOL,BEYQHWXNHPFKJSO
4,2023,02,03,GAR890,GARLIC,231.97,DZHSZODYSFEIBLH,QRMSOIVGZLPMAVB
5,2024,08,19,DAI012,DAIRY,504.48,FEPISPPGKDYGTQH,RBWKUYPMJITRCHR
6,2022,01,23,TOM890,TOMATO,226.08,GBUFJWOUEOOAJOT,UBWKGHQSUXRBPSR
7,2022,09,19,RIC234,RICE,267.2,SPBJZQWKOUOIZUG,ZZTXQBYVXDXWDPH
8,2022,10,26,NEC012,NECTARINE,260.92,IHVEKCSNQWTCLCK,WMYQIILJCGHFIWE
9,2022,01,12,POT678,POTATO,100.09,OSQQPPSMYYBRQXQ,EXUBIMSZFKEFUNZ
10,2022,11,22,WAT789,WATERMELON,88.93,JKSPWBBDVBQYWTJ,EHHWIGMZLQAAGIE
11,2022,10,10,GAR890,GARLIC,279.01,QKPZVHHPCYYJLMR,GVBPNGJCMZGYHMR
12,2023,02,23,BRO901,BROCCOLI,614.92,KDQAMHZYCNFJFYN,ZRPFUNMIJKNDWWZ
13,2023,02,25,APL123,APPLE,218.14,PAWMYENBHOGNQLA,DUNGZKUNJSXRMPO
14,2024,03,04,POT678,POTATO,149.7,TNUXQGPHEPCZQJY,MRSBEXNUTHAWCRM
15,2023,12,24,YOG345,YOGURT,929.95,BTCRUBYLFCQCGMX,HERSLUGAZOJRKQO
16,2021,01,05,BAN456,BANANA,763.3,ILQIBBPLKBYABJM,CBIQVONSAMZGTGJ
17,2022,03,17,FIG678,FIG,641.12,EBBCNXYWMJIUFVV,FXTDZZVDTULXBRP
18,2023,07,08,NEC012,NECTARINE,701.07,DGHMXQNIVYZBTKF,TAVVXIIDFADTQIF
19,2024,12,17,LEM456,LEMON,239.74,LSONOHCXAXCTLAU,QTHABREAIVJRXID
20,2024,01,01,APL123,APPLE,158.06,YKKGPZIBMTMSSDK,XHSVXFZPZFUETYZ
21,2022,03,06,HON234,HONEY,641.16,KURYZQDHKGWTZMW,DAMLUGFJCEDSUTT
22,2022,02,08,MAN789,MANGO,487.1,NSUGJSGTHRTTBJO,SLVKYUPWFAPBLZW
23,2023,05,21,ZUC678,ZUCCHINI,182.25,ANGXZYJYCVRVURK,WAWNKACQIEYWSHD
24,2023,01,17,POT678,POTATO,956.13,FFDAIVNISHSOFEX,YLUKUIBWZOOCCXA
25,2022,09,03,HON234,HONEY,919.27,PTTAHDAUMNZUPHQ,UZRBVPRYVYJFZCW
26,2024,02,07,STR567,STRAWBERRY,841.45,PNUPPORLJFQBVUI,IAUPABSETQWGBWI
27,2024,04,21,WAT789,WATERMELON,459.23,HWYGCRYNSFMTBYN,JHLKVOTNBNNITAO
28,2024,12,23,HON234,HONEY,195.77,IFNFDKOSEHYKWUY,YGJXJFDMCDLXPKT
29,2022,11,12,BRO901,BROCCOLI,151.5,TUZXPNQLOHGRBVM,GTBQIQEKOBMHMJE
30,2024,02,21,LIM789,LIME,240.05,RHCQLLOLOSLVEWB,YXOALBZSRPSLVKW
31,2023,02,24,FIG678,FIG,75.07,KCSMJJTTQVIOQTW,XPAAKTHILGIZDPA
32,2021,02,26,RIC234,RICE,489.17,IIHXEBCQKZNWFOF,IMEAEWNVSXHMGCL
33,2023,12,02,KAL123,KALE,669.48,PHVQMHYPABSZCDQ,IDVPELTYKHBOQKZ
34,2021,12,17,GRA901,GRAPE,857.68,RNEWUKHVVMJWLGG,QZUKCBTHYKFWGHG
35,2021,01,26,EGG345,EGGPLANT,506.36,JIQSHBZRZBCKEER,TWENKYITBDLGDJN
36,2021,03,14,FIG678,FIG,408.73,PUDKPBBFTYBASTK,IESVZWLSAUZBBRE
37,2023,05,18,GRA901,GRAPE,427.72,DGWELTJHGWOVFGP,EGYJSMWXKNKFGVV
38,2021,06,04,STR567,STRAWBERRY,99.6,JMPDFNUPUZOOWUL,ATQXDJMORJGTAPR
39,2024,01,03,KAL123,KALE,821.12,BHRJOGOVFKWBWPW,IVNFQMDFEEUXHLS
40,2023,09,25,CAB234,CABBAGE,412.15,LFYADHZFTXMTKBS,JXLUGWTKYHOLAKD
41,2024,04,22,POT678,POTATO,353.48,GOBLRHLGWBYBXHS,HGTYISJOOCZKMHG
42,2022,06,05,YOG345,YOGURT,942.92,JYCPLTNMFMVJUMX,BIVGBEQMQBEVLBU
43,2021,06,06,STR567,STRAWBERRY,34.63,FHQOOFCUSGULKPZ,EHJECVDPQSQFCYC
44,2023,04,08,STR567,STRAWBERRY,834.12,BRHYRFFDGYUYYES,FVTOXVUYBLXKPVF
45,2023,10,08,ICE567,ICE_CREAM,597.76,JWMIQFKWDLMGIDI,CQZPZBHZYZMRKKE
46,2021,05,03,FIG678,FIG,189.39,CXJJWLMWBFQAFYT,ZTABGAPQMXRCNVN
47,2021,12,15,RIC234,RICE,515.84,DJEFEDMVWLTVVCS,TAHZDBOULGLXYTM
48,2023,03,12,VAN456,VANILLA,780.03,ZARQYRYXZXSXGVL,ADIXAIKAENENKGD
49,2024,08,09,APL123,APPLE,626.31,PYJOJROXDPHFFSA,HHXGVBDUZDTLZMG
50,2023,06,26,EGG345,EGGPLANT,165.31,RXIWLWVYVQRQACF,HSADBRVQBMGHEIJ
51,2022,11,12,GRA901,GRAPE,583.14,BKPWOLRTSMQRRWT,BUTTLPNYYFWQOAN
52,2021,11,18,LEM456,LEMON,125.11,LBFDHXGTZICFGRT,JGNTGHFWAUFOWVK
53,2023,07,05,POT678,POTATO,370.7,WFORRKLOBEGVJLX,BGRCRQRFLZTYLNF
54,2021,01,06,DIL567,DILL,728.42,KFHEYEGOGYWNIPC,OWBPUITFFRSPXGQ
55,2023,01,28,BAN456,BANANA,828.71,NQRJVCFIZLEZDBO,IWTLJPPPRLNVDIV
56,2024,11,23,LIM789,LIME,543.24,UYYRPMLPICKKBSH,IAIOHYEHABUKGOI
57,2023,02,23,HON234,HONEY,398.71,VRZPMAFTNBNLTLS,UMXOYZLPHNZFCVJ
58,2021,04,26,APL123,APPLE,72.24,CMMVXJLRXPIHPUC,PJARYLLCXMSLUUF
59,2021,05,12,LEM456,LEMON,453.57,DUHEWRDLDHVSJCL,EFWZLHEDDKYJGIY
60,2021,02,15,BAN456,BANANA,53.62,RLEGEHVVTAQMSFV,OVANRHJXWKOGAOF
61,2024,09,04,BAN456,BANANA,378.32,PJNYMQSWANVZHEC,LFLGOPJVAAWWSBY
62,2024,10,01,ZUC678,ZUCCHINI,795.58,EXNNKNEQXHBUZAY,JAOPOVJOQOAMNFD
63,2024,10,10,LEM456,LEMON,903.43,QGMHTSNSRDLNAWP,FHNEDSMMFWWGFDV
64,2024,08,10,RIC234,RICE,417.85,BAFZFALIDCXTRVQ,JFEXPTZTLFMHFYB
65,2023,09,20,NEC012,NECTARINE,459.21,MTYWTSJZFPYMCRX,QCZKQUVTQSTOCDF
66,2024,02,08,STR567,STRAWBERRY,416.58,JVPLHEZJLIFDUEC,WNCEEHQDPLCTDQY
67,2024,10,06,APL123,APPLE,105.35,OKYUDXGQMBGVGYM,PSZZSTKJSDFIDAW
68,2021,01,15,KAL123,KALE,573.06,EGLNSCEHBGBKEIS,VQLYPNQUKHPNFTT
69,2023,09,13,NEC012,NECTARINE,802.64,CZTOMOAFUZFKYOF,HZBZLUGZNRWANJZ
70,2021,10,15,MAN789,MANGO,338.85,BBEBIXUKLAYLEMO,OPRAMVWIFGEINJG
71,2022,03,09,ICE567,ICE_CREAM,280.38,BXLHIKCWGTWJWVE,WHCYEBTHIBMAGYA
72,2023,09,15,POT678,POTATO,966.35,UDURRVEELWUJPMF,LDNUOXVNCZGJROW
73,2021,04,07,ICE567,ICE_CREAM,175.32,UUULDPSEVRYQOHQ,SVBCULEXPTBBNPF
74,2022,12,28,DAI012,DAIRY,367.15,BUPKVKMEMOKFPDX,VTACCUYXIGSRDEE
75,2024,11,14,FIG678,FIG,881.27,ISJMLHOHVFZQDJF,EZWQIAJLNQMLEXL
76,2021,03,09,DAI012,DAIRY,222.7,PUPOGKLTYRZSPMY,HAECKQHPKBMFYHJ
77,2021,01,28,NEC012,NECTARINE,719.59,IJNGFXFSXPNNBOK,LQHWWACYSDHLDFW
78,2022,07,25,APL123,APPLE,625.11,QOYDIKQGFBZWTHT,HQJOSGKMGRTCHNH
79,2021,02,26,GRA901,GRAPE,993.26,FNRXJDYDBJNPSFF,QCSNPINWBUBQMQR
80,2023,07,03,LEM456,LEMON,215.65,NMGOGUZXTGWAAIV,MKPGPLDCQDRXYKI
81,2024,12,02,HON234,HONEY,817.16,MBEUJSFKYIJFJTN,RQFJAFRMRAIOSXQ
82,2024,08,22,LIM789,LIME,422.76,GZUBABRSDUGLARN,QMAJYGWKQKMDARS
83,2023,05,02,LIM789,LIME,738.14,YUMLQQKFOQQNKGZ,LTMJOONBSTYOBFX
84,2021,07,14,GAR890,GARLIC,202.28,KDNPPKNLSGQKJTJ,LDWXUADYEMNQNYP
85,2024,02,27,QUI901,QUINOA,549.77,OTIHBBJCZHISENZ,SAAICWZYTKZSPLP
86,2023,01,28,TOM890,TOMATO,956.77,AKKRQJFWSMIZVIU,PFNASTXTXPCXCXU
87,2022,04,06,WAT789,WATERMELON,86.99,QAJAFXDWAZCBJFO,RPGMHRVVLEFTLCW
88,2023,07,24,LEM456,LEMON,946.36,NCIKSVAYWDLSEQA,CUXJCJAXULPGMMY
89,2023,06,13,GAR890,GARLIC,896.79,JKRRDSJKKUIAHDT,CQNODSOFZFEOGPT
90,2023,01,06,GRA901,GRAPE,364.63,LMJMCEZCACUEBII,JLOVFSIYWNTORIP
91,2023,12,11,VAN456,VANILLA,186.08,JHGZXYEDKPPAQXS,IPWGEGGDKUOCQXS
92,2024,01,02,QUI901,QUINOA,459.18,GBMCRIZNJBJKVOZ,MXKJNTXXNGXLDGC
93,2023,01,18,LEM456,LEMON,735.31,VBZTFFUTGYPWPNV,NAHKIGBPAMKPHVR
94,2023,10,01,RIC234,RICE,792.91,GTMJRBEPUFBARUF,TQPBXCSATIMZSZU
95,2022,12,23,WAT789,WATERMELON,295.64,UODABWFWSMIHJFM,JRUVPYDWDVXFROR
96,2021,07,08,CAR789,CARROT,177.42,NQVUFSSZSFEGMIB,ZYAAOJVCEFFFGJA
97,2024,06,24,YOG345,YOGURT,625.09,MKCLUXACGFEMXWQ,MDRXJAKORJPWOTE
98,2024,12,06,ICE567,ICE_CREAM,169.08,HOCOMZYOWHEKQBO,WYHRUHGBENMWGDS
99,2021,06,26,APL123,APPLE,35.5,MVGJLJIMURHWXEI,URVSLPQMKJSMUGN
100,2024,09,18,LEM456,LEMON,996.15,QNWREGBEASVJNPR,JFIRFQRKEKCJYVY
101,2024,08,16,BAN456,BANANA,119.96,WMLUFDESIDZKKTJ,IYILIIGXRAAHQRY
102,2023,09,09,CAB234,CABBAGE,537.94,QUFQGBNWGAPJFQM,AGOVWJGQZZUPTNH
103,2021,07,10,VAN456,VANILLA,768.83,FKMOKFSSOURJCKU,BILLKRZZOETXRMW
104,2024,05,18,VAN456,VANILLA,158.97,AOMIEHIMNYDUBCF,LXTPDBJKQBNTWLK
105,2021,06,18,DIL567,DILL,384.96,EUYYQUJZBODTYWB,VKKTRRXOXWAVAFR
106,2024,11,18,NEC012,NECTARINE,375.23,EUHOGSWOXXZMVQI,VNHBIRGFDSDNCTD
107,2022,09,02,MAN789,MANGO,561.78,ZNLSNJHPTXDDDVR,BAHDGXRFXJJTFPM
108,2021,12,01,DIL567,DILL,95.37,CHPHAESZEEQRAKL,IRXIXLOCYHTCZDN
109,2023,06,23,RIC234,RICE,40.99,ZOBVDEXPTHIKWVM,OYOHIUHPRYSTVEG
110,2022,01,26,GRA901,GRAPE,454.66,SQFLODYFJHPEXQV,COBZVLGCTSXLODF
111,2024,12,15,DAI012,DAIRY,700.55,FWCWIWUETDTONEH,AIJQELUFTDDMTOC
112,2021,05,01,DIL567,DILL,737.23,UCJKPSJCHPERSQJ,DBDHZCGCLRRRDFZ
113,2022,12,23,FIG678,FIG,210.03,QGSKXSEGBQKGULL,YZZHIGRZEQXSCKW
114,2024,12,25,WAT789,WATERMELON,671.17,BSMTNSUWIQLYLTI,IHGKLHGAYSYRHTL
115,2021,09,09,DIL567,DILL,32.28,UTJJSRIWKZZJFVZ,XYNUBCZDDGVFKFH
116,2023,11,12,MAN789,MANGO,550.64,MVRAYCVUJAEHGVA,KSIEVJDOYUMNKCX
117,2024,01,05,LEM456,LEMON,229.39,XVRJWQDCRXLZWUF,QYHDMKVFOIYNGMH
118,2022,02,25,APL123,APPLE,648.01,LJZHLMCNRFKSZIS,WWQXRVZSTJBBQUA
119,2022,01,26,QUI901,QUINOA,484.68,IAUQUXRKXZXHHZY,FSMHVSOPYNOSKFS
120,2021,11,18,WAT789,WATERMELON,521.51,FLJBQTMLJYCLKZV,PHHHULUMEAGXQZZ
121,2024,11,19,CAR789,CARROT,40.56,RZZKVCLVCNURCPN,YJXBRGMLCMKMEUY
122,2021,07,03,NEC012,NECTARINE,661.81,JSLTNAOBQUCIGUN,OEXIMMAASLXMQDA
123,2021,02,19,TOM890,TOMATO,91.67,NYLFAXXAOHEQVIK,LWYEWEDRDYRNXTC
124,2022,07,03,WAT789,WATERMELON,934.03,DTEZUNELGSBSRZN,YTSXZZMASAEEQJF
125,2024,06,10,STR567,STRAWBERRY,549.71,JNCKBVFURVROJLN,INLVKXZSSDUPAHX
126,2022,03,09,GRA901,GRAPE,777.51,UCYRSGJCUEBCJKD,YJZFENVSDMGEACX
127,2021,12,16,QUI901,QUINOA,811.08,INZJHLZBWOYEIQS,HXZFZXJWDBNTCMJ
128,2022,03,21,LIM789,LIME,113.36,LXJDXMVQGTCDAFO,YULUILEHBETKTWB
129,2021,04,26,CAB234,CABBAGE,877.87,QRTQSZSHCLBDKGE,ZQCXCSZKCUWPMKZ
130,2023,09,05,DIL567,DILL,331.01,UTXOZFAIHTOHQIS,AXFOOBSHHABLDSV
131,2021,04,02,GRA901,GRAPE,832.98,WYGYTUBXBNXQHTZ,FOGQMWBFRVWITNN
132,2021,11,05,WAT789,WATERMELON,638.66,UQITNRYQOWHUZKX,SSYVZOBSDDVEXRU
133,2024,09,27,DAI012,DAIRY,76.61,NJYZZSIEXBBHGOG,DXWXAJKUNJGYGCF
134,2024,01,15,LIM789,LIME,804.15,YXWDCXVSJGZJDNW,IWHAXRBQEQQUHVX
135,2022,05,21,WAT789,WATERMELON,100.96,FPZVSWDLFPHGROH,MQTEZIWGYOIIDUI
136,2022,01,02,CAR789,CARROT,379.73,YVYSRCZCKUQQHFK,BBUHCJRKQUKVPKA
137,2023,03,03,TOM890,TOMATO,923.14,ZOKPARHHFZFSFSI,YQVSRNUCSVVOFLI
138,2021,09,28,BRO901,BROCCOLI,65.16,BOLAMYJFKODLPVV,VHANTSAVIPBJPET
139,2022,06,01,LIM789,LIME,907.21,CNIZKOVZVLZJMYK,REBZFNUZHQTROLO
140,2021,04,22,TOM890,TOMATO,732.44,JKAOWAOGJFTAIFV,HHSIBJIKWSUKZNC
141,2022,03,05,DAI012,DAIRY,896.07,OADZEBXHUDYJRDG,TWGCPORXLAQMSKA
142,2022,04,01,DIL567,DILL,93.56,SXXAJWZGWNOJTYB,FYUNEQHUATMBQQU
143,2021,05,23,CAB234,CABBAGE,831.67,VAURSUYBDETEXUH,MZTRMFBDTUPBQJM
144,2024,04,21,GAR890,GARLIC,812.47,TIWRCIYKWYSTYVI,PLJSEHOVZKRIHOU
145,2023,06,02,APL123,APPLE,540.1,GKSGBYTEXNWULNV,ALGKUYUIMAEXEAS
146,2022,02,26,CAR789,CARROT,262.25,CVYJHHFKHSWWJZK,DKXOSJNWUTAKYCK
147,2022,11,12,BRO901,BROCCOLI,429.68,TITUTFIIXHLOFSI,CPHJVQMZJVOLWPO
148,2022,04,04,GAR890,GARLIC,130.88,SDHAXAIDAFXDNFS,ANWPXTWCFXNRJEH
149,2022,06,27,TOM890,TOMATO,138.84,DIFWHLLQUFBOXNU,NIBEKCGAOYADEAR
150,2022,07,11,CAB234,CABBAGE,374.23,TLVRSDLUBWXTEYO,RCHBVOSAVWBTLIC
151,2024,09,20,BRO901,BROCCOLI,115.18,UTHYOBWZOMGPXIE,EKRKDMZCCOYKUHH
152,2024,05,07,WAT789,WATERMELON,970.89,NHMJIUZWYDOJMSF,SBKFPYTAZWDYKHO
153,2022,11,01,DIL567,DILL,585.42,XCTRKTWIFZGIVLT,SQSBRCYANSRIGTY
154,2023,01,16,EGG345,EGGPLANT,200.64,LJRFNBHLOMWLWIF,VLMFXYRAISFVSFW
155,2021,09,19,CAB234,CABBAGE,862.52,DKAUHZZYYCUSHDO,IXULILRZBMMEDDO
156,2024,06,19,VAN456,VANILLA,446.6,IUSMHWSUOXPANCZ,RSRKYMXYLKCIJPM
157,2024,09,02,EGG345,EGGPLANT,692.46,PQHLBBZSOJGURVP,FKFHDTFQNXRGOWQ
158,2021,10,20,CAB234,CABBAGE,985.95,MUXQPIIXLQDLUFX,JEADDJYBUJNJYVV
159,2023,02,04,BRO901,BROCCOLI,443.17,HBRWNSQNCFPDOLN,QBTZDYCAIHKJYOM
160,2024,10,21,POT678,POTATO,699.8,OLBYTYHYSWDKUUP,YXAPODPLVJRZJBC
161,2024,02,13,QUI901,QUINOA,4.27,GXFXLALSOKZIOSI,HRXAUWNNEDETWDU
162,2022,10,11,YOG345,YOGURT,321.28,PPUCERZVDRJZISH,BVDDWBEEKBSEYXP
163,2023,09,09,YOG345,YOGURT,751.37,KDNDXMLMGITLOMZ,TMJHTTCSKOXDIZG
164,2023,06,08,KAL123,KALE,410.17,GMFAXVGTFMSKEKU,NBZMNJPXOUKMSSR
165,2024,04,13,RIC234,RICE,388.07,URTOKOYWPQAZGFT,CJCGIJDBHWWLQMK
166,2024,01,09,DAI012,DAIRY,21.19,JDXLJSFACBVVECG,ZFTPWSVRESCHIAR
167,2021,07,21,POT678,POTATO,246.35,QUHRLZNKAKFBZVO,NSEAKATQLTWHHHV
168,2023,11,14,NEC012,NECTARINE,324.57,LIQEGDFUDXJOAWC,TBATWOHBFLYRJNT
169,2023,11,28,HON234,HONEY,868.96,OTUTDBHBKNDLVDJ,BECOLRVRWNTODON
170,2022,03,11,CAB234,CABBAGE,491.83,GXVXPMYYMRVZWGE,CZYHPKIKAFBBVLS
171,2023,12,14,LEM456,LEMON,257.56,LGLZFSPSPSRYRBG,DCXGTFDAZOOCDDU
172,2024,02,24,EGG345,EGGPLANT,432.28,PUPRBNFDSPEDUHU,JYOPELVBBVYQVBL
173,2022,03,12,APL123,APPLE,709.09,KMEMAOMNJLFJCUK,WUVWGLGKBKGBOCR
174,2023,07,17,CAB234,CABBAGE,632.86,FGVFSZUMDKHFSDW,DAFUIXHIRAQQDWU
175,2022,01,14,RIC234,RICE,698.36,KJYGNOSDWNIQCMK,DIJSPFZYLQJNUJU
176,2021,10,10,RIC234,RICE,177.8,OSAUTIHPYLVKYYF,JFKEKTHDTYTAWGA
177,2023,10,27,APL123,APPLE,236.04,XTMWRGRJDEFDWTB,GBLVGERCQJPDZNJ
178,2021,05,25,STR567,STRAWBERRY,589.46,XYBFYAMTEEUPJKW,LSRRXILSMPDUUMO
179,2023,01,12,APL123,APPLE,228.06,NWZSCSVTJMERJBE,RLNTXUUAGNGUNDO
180,2024,05,08,HON234,HONEY,253.85,FHVZMAVMCDTMQTF,VYZNLZGAJXBZQRS
181,2022,02,13,HON234,HONEY,769.04,BYXXQYDEGQSWFXL,WFMNRXQGZKMEKRS
182,2022,11,04,BAN456,BANANA,690.72,STLAJWAGLYRJDFH,BXYPSPELAIWJGNY
183,2021,11,02,CAB234,CABBAGE,349.01,GINMKJNLCIQXWXV,LRVHJASQDWRVHZE
184,2022,07,10,LEM456,LEMON,138.5,AKPPTAZTAABSYMD,OYSYCGUVCWQHNPO
185,2024,05,27,POT678,POTATO,995.17,FSNYUXOGTNXXNZC,ISNETLJHYNNZXJI
186,2023,03,08,ICE567,ICE_CREAM,307.22,JTJORSWSMDIVDYV,IIUANDDFFDOREDS
187,2022,12,21,ZUC678,ZUCCHINI,739.84,IDLGMIATWLIUAAH,XNGMZZDSENFBCMB
188,2023,09,01,ORA345,ORANGE,415.56,NAZFJUKAMIBQHGS,SIEREYPJYNEMEIN
189,2021,08,25,ICE567,ICE_CREAM,150.92,WAPIHOUYLJXAIOT,NSMWTQKBHPBMPRH
190,2024,11,01,ZUC678,ZUCCHINI,623.85,EZPLROTFINKPNRA,DMTJJYCGZTLCVHS
191,2023,05,27,FIG678,FIG,380.21,OALBYGNJPIGCWYM,HNYVLFBTXFIUKVO
192,2021,09,14,BRO901,BROCCOLI,640.36,IUCISBPXKARQLMK,IJRJOIZPFAHEAZY
193,2022,08,22,YOG345,YOGURT,346.52,OMGVAFXVPPOXQYN,QFUOMPCIRNPKPSS
194,2024,09,24,FIG678,FIG,824.98,TTSOOKTZPTHYIFB,VDNFDRNGJCXZVSP
195,2023,05,18,APL123,APPLE,358.44,ZNFSSHHVSRTCXZV,UBPZKOJMSBJYMJH
196,2023,06,05,CAR789,CARROT,211.44,MOKEQPWXPXVXAHH,YOHSRVJNDVEUWAM
197,2022,07,19,TOM890,TOMATO,824.68,PTIVMISHYAACRAH,VDKXFDRZAKGYIBE
198,2021,11,23,ORA345,ORANGE,289.4,NSUWXTQTRBYBSSD,DNEADIOBSUAKPMB
199,2022,11,16,HON234,HONEY,878.01,XIHGRPDRTDNEXVW,DTZTOUUDLXPVAWI
200,2023,07,03,GRA901,GRAPE,352.56,GZVKWFWORAEUHQA,PMXXHHEJIMIFCRB
201,2023,09,02,KAL123,KALE,601.33,PISZYRCREWZBSCZ,RTWZPEGECRLLLCC
202,2021,02,19,POT678,POTATO,522.04,REQLOCHHGLSJVQY,HMXQYCVKZSPRZLI
203,2021,01,08,DIL567,DILL,111.61,KNULZZPEWJQWFBT,OXXPTVFHTGWJSMZ
204,2022,04,09,APL123,APPLE,500.68,PJKSJZPSXRQWJSM,HKFJRXBAMEFGTWD
205,2021,11,17,HON234,HONEY,500.41,AGCUKMDPFOMITZF,DBQIDFFCYFGMUWN
206,2023,03,12,DIL567,DILL,459.92,RXXXUJSCFUOUVMH,BNRWZEDRRKXMMJE
207,2023,06,16,LEM456,LEMON,315.67,UMPFMLYIVWOWBTT,GFZIWOAIMKHRNKB
208,2021,10,26,RIC234,RICE,234.75,EPIRLNBQGMSYUWU,FIRHBZINVRBXMHI
209,2024,11,22,LIM789,LIME,395.59,GMSCGMSKMSWIMKQ,XQYHOJQMPJKMHTE
210,2023,12,06,LIM789,LIME,395.28,UBYFEPUMMBTEHXF,UABINBTLVPFRUHE
211,2021,12,02,TOM890,TOMATO,796.51,EUTZJQNMKDEDYBT,WPFUXCJDFBTOMRN
212,2021,02,16,QUI901,QUINOA,649.97,XWJXFHSFHXVLGWV,VVNRKXSMMHLWIOZ
213,2022,04,21,FIG678,FIG,139.51,RCGUIRKVVTZXDRZ,SIHKMJFXKUHBLVA
214,2024,07,12,HON234,HONEY,266.38,JUSLEMKRUDPJPLS,WBJLCNSMNJUPHSW
215,2023,11,17,ORA345,ORANGE,728.5,HOQCPCUOQULARPH,MRNINEWBVYPXGDG
216,2022,07,24,CAB234,CABBAGE,802.4,HVOIFYBQWCOAVGA,BLZRXMENFPBRVLS
217,2024,09,23,WAT789,WATERMELON,446.27,OMVEWVJLAVUGYFL,TKKMRAOQCAKJHGZ
218,2024,05,24,KAL123,KALE,440.88,TLYMKKVHCRYZPMI,XGULROZPNHLPXSL
219,2023,06,05,QUI901,QUINOA,125.27,MABGGIHBHVQFXNS,ESBIIYCCKNQKXFQ
220,2024,02,27,POT678,POTATO,470.75,HFTMPTCUUFFTWBE,YPPMSHGGWYQJJKO
221,2022,07,25,DIL567,DILL,310.71,THIUZVKCBCRNFLD,PVMDVURFIZEXIKM
222,2021,07,16,LIM789,LIME,910.7,HBXNYQZBSTDGQYC,VPWOEGBCMPKUZRD
223,2024,06,28,GRA901,GRAPE,156.85,NSJDKQTCOGTJFYI,SVCWBWCBSZEHPTG
224,2024,09,17,NEC012,NECTARINE,22.7,SVABSPSOVQLCLXQ,HGVWPAZLZGHVXEO
225,2021,09,27,FIG678,FIG,326.86,OEYORMRAZUTBOWH,RRRJOMQXKEHXGLL
226,2023,06,27,MAN789,MANGO,261.9,OKWHQNLSQUDQQAL,LJQBTVYUVHUDCDN
227,2021,11,25,NEC012,NECTARINE,359.7,RVTLYJRSRXUDGRX,RUCQELQCUXNTIFT
228,2022,05,05,WAT789,WATERMELON,657.48,DPYPISRGAEHYKVM,UQCNADBXFOLNNFP
229,2022,02,08,ZUC678,ZUCCHINI,373.21,YJQVYGTXGXUHPSC,SLTYFGZJRSERWSW
230,2023,11,10,CAB234,CABBAGE,321.5,YOIEIXKCVEJDOLX,LKIPTBYUZAGXWKQ
231,2021,06,22,DIL567,DILL,837.35,HBGHJCYTZTMYEWF,FYYWYKMMZVOQDAY
232,2023,01,04,LEM456,LEMON,551.98,GJRUUFITIEIZKFX,PAMVGUJXKLWIYWM
233,2024,11,10,LIM789,LIME,778.58,JYKMUUCEZUVDZYJ,GMXNZDEUXJAZCDT
234,2021,03,07,YOG345,YOGURT,396.28,GYZSHVROBYBQSZW,GYKXIHUTXTQFMDL
235,2023,07,10,STR567,STRAWBERRY,644.16,IZSAQGYXTGLJZWP,HLPXGJKWBZVRHDT
236,2023,03,01,MAN789,MANGO,527.01,ARPRAUEJVQIIWLH,CERDSYOWGSEBDSY
237,2021,09,07,BAN456,BANANA,747.09,LBJETURQJVICODW,CIINJNQTVQKEGGC
238,2022,03,16,CAR789,CARROT,482.18,ZXDHETJSIECWQHO,ZJGDYDHHIESDAIJ
239,2022,12,11,RIC234,RICE,671.31,UDUDANIEPCQVJKC,CLPWUTXJRBSBCNP
240,2021,11,01,BRO901,BROCCOLI,160.12,AGUVXZPIZARLSSE,UALNULTPGIRXULV
241,2023,02,05,STR567,STRAWBERRY,780.19,AMLELQARIOAVZOA,QUIOUDSRMDXKWTG
242,2021,08,24,ZUC678,ZUCCHINI,742.27,GNTAJOITYLZZEMP,DOIOTNKOJVTXQVO
243,2022,09,17,POT678,POTATO,158.38,OJCQJUOCVCYCGCJ,KKOUAIGJBYKWZKG
244,2022,05,08,POT678,POTATO,757.7,ORYPVBHNBUFGRKZ,ZMIIHOFURFXIJLR
245,2023,12,16,GAR890,GARLIC,95.57,BHBOKABHYBBLWRC,AEKGRJDPDRDVUNW
246,2023,12,15,WAT789,WATERMELON,20.49,NZPKFVKHAFRZZFG,WRNRTAUXXAIKPTD
247,2024,02,13,HON234,HONEY,50.45,BIHCILKZZBZAACB,FDABIWBVTJECVGN
248,2022,08,12,BAN456,BANANA,656.34,DOUFOAXPKFIQTWN,DPHHEZCWVSHKIXF
249,2023,10,16,GAR890,GARLIC,690.0,RPWMCKFJXQKSLDW,RRCFEFKPJCDPKEN
250,2023,11,27,LEM456,LEMON,502.78,MRYIWBVVBIDKXPJ,KFWWLVPBUWVFTEF
251,2023,08,17,CAR789,CARROT,730.87,PBNTMFFWOCEMZZS,HDEUHEXYKHWDIWY
252,2022,07,16,LIM789,LIME,518.15,LOUQXOYCISDEDVV,QZARQKGWLADNWQP
253,2021,09,08,FIG678,FIG,197.15,YJJOTHAZXJQDVXN,FNLEPMFHGSEIFCL
254,2022,11,09,TOM890,TOMATO,857.52,CJYFSXWPPOKZYRA,DYIEBFKFAQUSEWF
255,2023,09,19,LEM456,LEMON,663.61,FSZCCPLXEVLOJRN,CVWFIIVMOBQXFOU
256,2021,11,25,CAR789,CARROT,416.85,AKITMSHNOGLHJWQ,LEZOGYWGIWISHNB
257,2024,03,01,ZUC678,ZUCCHINI,131.06,ERUVFYZHEQHOSIL,TKYHQQMOGDZMZJX
258,2022,01,10,STR567,STRAWBERRY,620.13,XYBQMSJCEVNYUNW,GROCVBFGLCGVIEJ
259,2021,03,16,DAI012,DAIRY,633.79,ISHINONTSVETHKQ,FJHJURMMSYYDYDY
260,2023,06,21,NEC012,NECTARINE,388.71,BJPSDDYZLTIJYSL,VRTSKNPAVLDGWOT
261,2024,02,11,DAI012,DAIRY,231.43,TMOIBFLTAAIDXGC,PPJWOWGHZCWFZZB
262,2023,01,18,FIG678,FIG,871.87,SFHAGSXVTYCIMRD,UOPYKAKAHOLRDAZ
263,2022,08,03,BAN456,BANANA,70.25,RWGSXFJQUADMREG,OTBORGRCQBDDOCU
264,2024,09,05,EGG345,EGGPLANT,547.28,SIOQCNTKYUXJUOX,WYKEXZTOYXADAFX
265,2022,08,20,ORA345,ORANGE,573.98,VWRSHOBFGSJYZLF,BUCBTFXMRKQUVGW
266,2021,12,20,APL123,APPLE,348.78,QUEUVKTGWTITDLC,YHQUNCIZKCNDLHI
267,2021,08,17,ZUC678,ZUCCHINI,279.58,DBRFSLEEVPLMLYE,CKVOYVPCPXAYMJN
268,2021,10,28,YOG345,YOGURT,282.83,RICNRSFGXDMKICC,HBQJVLSKHTJNSJM
269,2021,05,05,MAN789,MANGO,601.44,LODAUGXZOYCTBIU,RPEGGSTAPZBQNMS
270,2024,08,10,GRA901,GRAPE,66.79,MCJTDNBWTRUJOPH,WPTJZKKCBNHWWGP
271,2021,06,10,YOG345,YOGURT,769.62,VJPMTIFPZSYKXEJ,KQAERBLGLUYSHJM
272,2024,06,21,APL123,APPLE,502.08,IOSKNTZICCVOCSX,ZXTBJQGOBUJVYBH
273,2021,08,22,DIL567,DILL,514.17,BTGDDUNCNEKKWFE,TASSEZPSXIZFKDL
274,2021,02,06,RIC234,RICE,968.67,CMXWNISHDYJYULK,DGQHFBKKKZIINOR
275,2024,05,28,STR567,STRAWBERRY,706.76,LBYMWHIZDMMKSOT,WXQNIFSVGTSIOAK
276,2023,10,13,POT678,POTATO,682.56,BAQNITESUDXQPEB,RJQZOSZHBKCTEHX
277,2023,06,01,RIC234,RICE,678.43,VILUTABXVMZLTFW,AXZTXKTCDBXLQLA
278,2023,04,02,EGG345,EGGPLANT,547.33,DOEKBJMTXIQRVHK,PLDUXUARMXOSNBE
279,2022,09,15,ORA345,ORANGE,502.54,CCVEKNWWUKORNWZ,OCKPCNDATJOVBFN
280,2021,01,16,TOM890,TOMATO,641.9,GUCNOTNGXDCEHVS,TJJBNSNAVNERFGR
281,2023,12,09,MAN789,MANGO,6.9,WIJFJHDZJWPKMYB,YHHCZAVFYUTZTIR
282,2021,09,06,DIL567,DILL,34.68,KQGUJZLDJXSHHPK,EUANZMIUSVXNKEZ
283,2024,01,03,VAN456,VANILLA,56.75,OWYNKPWHIYODJTC,RRGQVZBJJPDAWCC
284,2024,05,16,LEM456,LEMON,966.48,NAXOPHQMUYBWZZF,ZQZHYUSVYOAVVSX
285,2022,02,21,BRO901,BROCCOLI,751.52,GWIJACLXEJYJBJT,YRAYACXJJPZVHID
286,2024,12,13,HON234,HONEY,525.37,HOBKRPFOJRAGJSO,NGLHXIIIMBHTROK
287,2021,06,15,ICE567,ICE_CREAM,381.79,MAMRDQBXNUMNRWU,YFQVEYZHOGVAHTN
288,2022,07,12,DAI012,DAIRY,35.57,UDHFEFMEKUFWPFN,ZCZEKQUCFHOHAHF
289,2022,05,18,ICE567,ICE_CREAM,255.85,FWYYNAKMUYWMLFK,LATIMJKROQXJZJB
290,2021,05,17,TOM890,TOMATO,689.49,CGPYLFFLWIVZRBG,FONMYINOFZHTOGP
291,2024,09,21,ZUC678,ZUCCHINI,582.12,CYNNHUSWKHQFYWN,CDHCYZDRYLALBLT
292,2021,01,28,EGG345,EGGPLANT,310.04,LBUQTWMDIHGNQOS,WOEOYLWYQQEKLTK
293,2022,11,19,WAT789,WATERMELON,940.89,CRQSVLIJUALTKVP,ZQCAEFXYJMUMXXP
294,2022,02,13,NEC012,NECTARINE,590.63,DGFEAMXFVRWAGTQ,LKEWIBAZEZCJAHS
295,2021,11,27,GRA901,GRAPE,83.59,ERKSHZMHYZQUFEQ,JUBKAGFDIHWZCWP
296,2024,07,12,DIL567,DILL,672.58,FEOCYSOSMSFJRQB,OXXADSHFJQPORGC
297,2021,02,09,TOM890,TOMATO,315.06,WWZOKIECYGNJQSA,GANLMSLJJNIZXWJ
298,2023,08,10,EGG345,EGGPLANT,695.13,LZVYTJZVKWLMEQA,FNLDKPCXBYTSXQK
299,2023,08,04,NEC012,NECTARINE,182.6,PSSAEUDQERYMMDP,YPQMEGGTDDHIPGS
300,2024,06,17,STR567,STRAWBERRY,910.16,YWUYWSUAQXEFSZB,HHFPYBTFPCRZYAO
301,2024,02,20,MAN789,MANGO,310.96,GDMHAPWGQKRRTJV,TZXYQSCGNOZWUUC
302,2024,11,07,ICE567,ICE_CREAM,87.54,GPECZRIYEDPPQDE,KAIAKLEBDILAMFH
303,2023,10,01,QUI901,QUINOA,659.43,PHSKNEGSKTUFAEK,UEDONGDSNKVWJUO
304,2021,08,14,MAN789,MANGO,668.96,VHSZPBCDUMFDBDX,QMCGDIVJZGLMYLU
305,2022,06,06,KAL123,KALE,427.72,UHSKYBEPLJQUDJI,ZNCZNTRIFHCRYBV
306,2024,07,28,ZUC678,ZUCCHINI,626.49,WRNSOSTXASXNIBR,IACPHAPPBTVGZKG
307,2022,09,24,RIC234,RICE,801.4,OSMXAEWZFRYKSMX,KPVFJYNARGVBXSN
308,2022,09,27,GAR890,GARLIC,534.57,KDINSAMDISWDFRD,KQROCWTSZMALAZK
309,2022,01,21,GAR890,GARLIC,791.44,HNTSVMYOHQSNMXQ,BLNWFOMKRAJCWRM
310,2021,01,02,FIG678,FIG,604.67,VPTJXXBUBXWWLIA,ANWLDXCSGABHPIG
311,2022,06,10,CAB234,CABBAGE,965.35,QHEHEQFKEVVYJZN,BMTXPAJPRMOVMMU
312,2024,04,22,APL123,APPLE,708.8,OFNDGHJLCGMRRPR,NBAPHYKXCSZXELD
313,2024,11,08,NEC012,NECTARINE,856.15,TMTWSZNTVFOKIRF,FPMEHMEKLJBVGRY
314,2022,03,18,HON234,HONEY,105.33,TMKJNYKWWFLYJAK,WOUDTYPUQMAIJLQ
315,2021,01,22,HON234,HONEY,193.66,QEYZMGFCGPWSIHB,ILCVUCOIHWEZOTN
316,2024,11,28,LIM789,LIME,699.74,SRORLFSHNIREUBJ,BPFYQJPGPXDZCYW
317,2022,05,22,CAB234,CABBAGE,873.3,YHQCCPHXPVKLTND,EOECEZOBMDFMASB
318,2024,12,23,CAR789,CARROT,186.38,RORPUFRJGZGEKXU,DYYFKCCPFUBEDEA
319,2023,11,08,ZUC678,ZUCCHINI,181.96,OQWAEANRZIKUWMF,KCMSDLATQBYDRHB
320,2021,07,11,LEM456,LEMON,95.43,UNBMYTHGIWJZHWB,VMUXIJZWULDPMGO
321,2024,07,07,YOG345,YOGURT,43.53,LWXIAXQZFFPKEFN,CGJUTJSSUJVPDLY
322,2021,12,22,GRA901,GRAPE,295.22,OKEMWERYLFKPSUN,XTQBQHTCNBKXWHA
323,2021,02,23,KAL123,KALE,295.61,WQXXZHBLLHDVWIF,QEPOVKBHJJMKSTM
324,2021,03,09,WAT789,WATERMELON,159.02,OEWFHOIFEYVDXUM,NXCIOWUKSVIKAXN
325,2021,01,08,STR567,STRAWBERRY,858.43,XBMVKVOCNMRXIFW,SGGHUCMHYDSFWFD
326,2023,07,25,WAT789,WATERMELON,244.21,ACAMVKBVYNQMCXY,TZDQPNRFFZQFFOM
327,2022,12,16,MAN789,MANGO,568.59,TVNCUBTKLNHTHTW,TDAKZYVVEBZBPPZ
328,2023,04,28,RIC234,RICE,774.58,WSBZNMKFBICPQGC,YUTPXDEHAFGZMPV
329,2024,01,20,FIG678,FIG,299.44,FOJBFHMDROVZGCW,OZFLYNTMPIQLXTG
330,2021,04,21,FIG678,FIG,944.86,NQCEFKMBTBDHUUT,JIBTDELIJCAEJPV
331,2021,06,01,APL123,APPLE,206.3,MILGAEGWBUQROCT,GPNAVHUBANIUTOK
332,2024,03,22,ICE567,ICE_CREAM,50.57,XAFKHNOOXAKCVJX,CCIGSFRHYPWAAAS
333,2024,11,12,TOM890,TOMATO,569.59,VOPZFZURIXVKEZY,RZXJNBCYNIIIENS
334,2022,04,14,NEC012,NECTARINE,814.58,TESIBJKRGGYYLMZ,UKAAIVYEUMYDYES
335,2022,10,06,WAT789,WATERMELON,775.67,UVIQKPITMCVCFDR,WAHKDCKXEXNEEPD
336,2022,09,22,CAB234,CABBAGE,628.31,OBBXBHLAAQJQMEN,SMAWJPYGBSLAQUR
337,2023,03,01,DIL567,DILL,145.34,WQOXGTWJRSTQUIJ,CEFFTTBQGHQOCWI
338,2022,02,01,ICE567,ICE_CREAM,154.5,HGSXENETTOYIBCI,MLNXUJDHTBGJIDA
339,2023,03,01,EGG345,EGGPLANT,16.86,PNDLVYYUXMPOFBP,HMTLJDITNEXETMM
340,2023,06,12,VAN456,VANILLA,529.17,ZSYYOGLQCJEEYYD,JWFXOWSBFZYFAWU
341,2024,05,16,ORA345,ORANGE,74.29,UQNYQCAHIOSXELQ,GZNDHXPZMMRDLMC
342,2023,05,17,QUI901,QUINOA,177.61,PFXKBWCJIWIKKAV,TEGPDYWITWQBGXI
343,2024,08,20,YOG345,YOGURT,365.73,KJYNJNPSDJMOWIR,ZUQIWZWRECWKTZR
344,2021,01,22,DAI012,DAIRY,218.06,PLIVJUTEFLRSPNH,LUQNSIILGAQJBWE
345,2022,02,24,CAR789,CARROT,813.21,VGWTNPDMJSELKBF,FOWDXDBDXTTVJHS
346,2021,11,19,EGG345,EGGPLANT,465.13,ABBZJREVWTGLAMK,VBXDMSFYJGJVNZG
347,2024,06,20,GRA901,GRAPE,143.41,XASXUFYSYQMFAGB,JCJPRKUEXONHWJV
348,2022,08,16,STR567,STRAWBERRY,91.84,YJYGGDNDWUSIBMT,RCOCZTOGQBHMQNJ
349,2023,02,28,LEM456,LEMON,839.02,UOJPSHZIAZEEGUV,WELTMJSYOTFGIVF
350,2024,09,20,LEM456,LEMON,632.98,FCOWTOBBTCLPVAN,BMBCEJNBRVWGDSL
351,2021,02,24,APL123,APPLE,846.2,POVBUDEMPGHDOHY,LEZCQTBTZIUGZPV
352,2021,07,18,WAT789,WATERMELON,747.02,ZVWQURDQSPAIHMX,JKNMPBWSRSNQTXI
353,2024,09,25,POT678,POTATO,4.6,SRUIFQNBXOKGZSJ,NZZQNNPNKWRIXJY
354,2021,08,12,DAI012,DAIRY,640.6,IRYBVRMHBFRBSPC,AYZBMLVDKYFNOOG
355,2023,09,15,ORA345,ORANGE,182.06,LFSXDDXMRBDTQQW,WBGERBSPJYRJSES
356,2021,06,07,GRA901,GRAPE,826.63,NIFYDPGVGZHZYQJ,UCEKEUUBWHCIRXE
357,2022,09,10,CAB234,CABBAGE,701.2,WWUWKZYHVQIBYHD,QXYVOGNFCCKSSSG
358,2022,10,12,TOM890,TOMATO,173.65,FRHBWRHMBZGLBFS,JWWHRHPSBXERSRH
359,2023,07,01,GRA901,GRAPE,853.33,NEBZOVVAJGIVEFE,BMBHXULAFSKWTXK
360,2023,10,01,CAB234,CABBAGE,741.18,XNGNIUQRDMPUISC,CMCLJDECZGDXUCX
361,2023,10,04,ORA345,ORANGE,415.74,SLLXUDCLMMMHQXW,UHAOAJSSACXGZKT
362,2021,06,16,LIM789,LIME,622.82,WUICJXRNMKBXSEQ,XWNPKNBYNGBXHIX
363,2024,02,05,GAR890,GARLIC,544.06,SGGKRLIEEGBEJLC,NGOFYTJYNIASJYI
364,2023,02,16,LIM789,LIME,393.41,SXRUDBFRXLHSZIU,APXYCAGETAAAPJZ
365,2022,09,17,WAT789,WATERMELON,921.65,XQYHJESKGGCQIZQ,PNQRSZYUVGCCSPP
366,2022,02,24,BAN456,BANANA,81.09,CLCOHUFUEILNFYI,RQXPALLHEAREZNA
367,2022,05,01,DIL567,DILL,970.04,FVDNUOKXJWFMSTR,QPAGWSKEXSYHLFP
368,2024,09,19,BRO901,BROCCOLI,560.7,LKQUKYXOTGZNKGL,GMGNULWAFFVQAQO
369,2021,01,27,BRO901,BROCCOLI,669.66,NIFNXNSTZZWCAIS,DIHPRDVFDZUQYPJ
370,2021,08,24,VAN456,VANILLA,208.43,DGLPZVTHPRXAICO,VDVPNSOAODQJNGZ
371,2023,08,08,RIC234,RICE,16.88,QXPJMWEYBZKNHQI,TAOEVJUXTEEURSU
372,2021,10,08,TOM890,TOMATO,682.3,AYBXIXVTHAPKWLF,VGRCVMSPLVFUYIM
373,2023,06,13,GAR890,GARLIC,239.69,KGVPELPBFVMVQIJ,WNYGDOTQEXFGBJJ
374,2024,02,03,CAR789,CARROT,163.33,ZVLKXNLXIOWNHQW,KAKFMJCXMOFPPGW
375,2021,08,28,KAL123,KALE,97.35,RMXWOZFUGQGNETH,FQVQYEVVDLTCJOP
376,2023,09,18,NEC012,NECTARINE,666.33,PNOMXUVLPEIUOHI,NLSWCFMUFLLPLJR
377,2022,08,11,FIG678,FIG,353.11,RZVXJBYXBXMTLQP,OQDXFJTMGAEGDJK
378,2021,08,14,MAN789,MANGO,211.24,IBDATMMUZJGSBNU,ZDCAUGYMZKFURIW
379,2023,03,12,ORA345,ORANGE,57.8,GOLVQEJSWMSPAJR,SNDZIZFYVSLQOPO
380,2022,05,12,GAR890,GARLIC,684.39,IVRUIFXKMOEQZGB,FXNDGFEKFVITBOS
381,2023,04,09,YOG345,YOGURT,664.42,ZRTUEYQSNXLOINR,YMCIKOWIYFXXVPL
382,2021,02,16,QUI901,QUINOA,307.99,CVKPIHKLJTCELRY,XKRXKISRKADHINC
383,2024,08,08,WAT789,WATERMELON,857.28,DRBLYPEEVXABJJQ,CPOSRPARAQXQUSN
384,2021,04,20,LEM456,LEMON,421.05,CRTDZLDJOSYUAQL,XHMHEDMJPYOXLIP
385,2021,06,18,LIM789,LIME,184.31,KQVLSOHAAIBXXIX,UQJFBJZTMVWONRE
386,2023,07,25,RIC234,RICE,826.97,OPIJQCAPVDXLANZ,XWQCNMTQCKATNKY
387,2024,10,04,STR567,STRAWBERRY,824.69,BDXMVYXCFOQYARO,KRPHEZEQHQEBSJL
388,2024,12,18,QUI901,QUINOA,567.92,HKTRTURLOUSKMLC,AUQBESNVWVUBMRB
389,2021,02,13,POT678,POTATO,276.48,SBAUZTHTYVEGXBF,VPIRVJYGJOGENPY
390,2024,04,24,APL123,APPLE,65.56,NBDMERXVCLMFZVK,QKSHUUAFFYUWOZD
391,2022,01,17,LEM456,LEMON,966.62,OAYKKBBZOHRYKBW,GURJDNICFDDMMTS
392,2023,08,15,CAR789,CARROT,539.53,CBXZGEECGPDCXWZ,CZMKPDJAFPTJOYZ
393,2024,08,14,EGG345,EGGPLANT,578.12,KPMBPSUSKPXSDID,PYCOXARGMHRZGDQ
394,2021,08,04,MAN789,MANGO,613.81,TPLCGHALEVJFSLU,QGSNRTWJHSUYNRC
395,2023,01,21,FIG678,FIG,955.24,EJLAIUNUNJEKAKQ,XZFZVBBRSCNJYTN
396,2022,11,13,RIC234,RICE,878.55,CWRRZOBINFGLLMN,QREBXSASPLRLWWO
397,2022,06,15,QUI901,QUINOA,506.28,PUBLDFATRJJLHAM,NXFHXGXYBKDXKAM
398,2023,11,08,QUI901,QUINOA,33.16,DCZVPGURKLIPGDW,FMSQXLWHISWFHLQ
399,2022,05,15,MAN789,MANGO,538.17,QIVZVNRMNOIENUR,AELFUJZWMIVHWHX
400,2023,04,02,BAN456,BANANA,370.27,XNZXXSPTWOTAGRV,TBJBJBECHJGSULY
401,2021,12,08,BRO901,BROCCOLI,769.8,XVSXMUAJMGMQQDP,SRCYUWLTLZWBVHT
402,2022,06,06,GAR890,GARLIC,654.48,OEZZYHCJJNDCVAP,GBZAIUOOSSMAHSO
403,2021,10,20,NEC012,NECTARINE,982.18,PSLHZHBHSZGXPYI,AKEPKTAKPKWZAPW
404,2024,11,12,DAI012,DAIRY,883.32,BFKWZVZIBFWUJDH,DPXOEAXTIUUJTTK
405,2024,01,21,FIG678,FIG,394.0,KBHTYENXWVSZNVX,LZTHNCHDUZDWFHQ
406,2021,07,11,WAT789,WATERMELON,883.63,KCLMSZVALYRCSQY,QQYYSJJZNQNPBSC
407,2023,02,06,NEC012,NECTARINE,58.96,HKGGHXSUNHMTPOK,JZYRPGJAXVGRKRJ
408,2021,05,07,VAN456,VANILLA,618.97,QQCPOLUZWDVSEFD,SIHCGASVMARYOCI
409,2023,08,20,LEM456,LEMON,231.32,BGSRVKUSDSBYSFK,CDTJYAKOZBQWIMU
410,2022,01,25,RIC234,RICE,356.53,VSIWJVVKMFMYWED,JYMDPBQCPSEOOEF
411,2022,06,23,APL123,APPLE,188.09,PHCHZGVGJESZPRO,BJQIUEUEKUHIHPP
412,2023,12,19,LIM789,LIME,905.8,ARFZKSGDHHEFAXS,AEOBIBOCUTHPPQJ
413,2021,06,06,TOM890,TOMATO,592.74,YIUBVYUUVRYCHSG,NYDRUVNQKYCLLPA
414,2022,12,12,VAN456,VANILLA,579.46,EJJPXQEXSKKQAOM,CYUMESCYBLQTDTK
415,2023,12,04,GAR890,GARLIC,196.73,JSXMVFRBUXKJSIV,CPIADZGYHIQVXRH
416,2021,05,23,LIM789,LIME,372.57,MMYSSOVPMNKPEAF,IRUVDDNCOQZCPAN
417,2023,11,14,LIM789,LIME,318.93,PHREOBUKFLIMMIX,XVIQOFLMTKEOAAD
418,2023,08,25,DIL567,DILL,595.6,JSVRPWLEXGDSVZY,YHPZAKBJIWFGFCK
419,2022,02,26,VAN456,VANILLA,16.78,GITZPTQBWFSENDI,XCIOPMXEDYWRAVI
420,2023,03,10,VAN456,VANILLA,279.42,HWFJYNPUFXOCTNX,BBUKSNGADKNUQTM
421,2021,05,12,ORA345,ORANGE,680.13,LXERRKBKFFPXEVZ,XOMYWFOPBNCAFEK
422,2021,05,10,RIC234,RICE,758.87,FYDTSGXWRCGVBUG,NSKYNEUJMWNCYZH
423,2024,02,03,GRA901,GRAPE,436.25,ESFEFFLOSBWBOAO,BOZZJODNTRJNFRJ
424,2023,12,18,ORA345,ORANGE,151.34,AMDQQDQTUXRQSVV,FTVBIZALLPBXXQN
425,2021,01,08,MAN789,MANGO,172.83,RIGHELWVWIEAKKM,VFFSPSWZDIKSFBJ
426,2023,10,27,CAB234,CABBAGE,115.11,OJIUOVCMKRRRWQM,WBWTDGLVDEXEKSC
427,2021,05,20,DIL567,DILL,863.19,MWTVLCVSDXAZQMF,QULNNECAOELTFCL
428,2022,12,07,ORA345,ORANGE,641.03,QMAXMNNUNFVEUKE,OCKVDZLZJHFZNRM
429,2024,02,15,DIL567,DILL,198.57,KIRRCOQVJIUFUKB,YXLRWCKHMDNZHUM
430,2021,11,27,STR567,STRAWBERRY,649.28,PFOGTWITZAAFOTG,CJKZNVOOHSDEGFN
431,2024,05,12,QUI901,QUINOA,910.8,GTOZVHJCDFSBOIC,WOOLYMZJNOSLCZW
432,2023,12,06,FIG678,FIG,33.66,SUXKZJPYQQTHULN,OTEFPSVDYZIOHID
433,2024,02,01,STR567,STRAWBERRY,305.17,HGMBRJOAZGLZTRF,LDORBPXGJLCVFMR
434,2024,04,16,BRO901,BROCCOLI,119.69,VAHMIQVTNGZFGMP,MPVHXBIXRHQAAQJ
435,2024,11,27,APL123,APPLE,105.48,ILEGUAGFJLHEGGE,LYDDOFTYEOQLTNW
436,2022,06,10,DAI012,DAIRY,601.6,LCGTFAIMQFIDZOL,DUFSKNWDQFWUCGZ
437,2021,10,23,WAT789,WATERMELON,60.72,MQOEQLPEHTMNNRS,AHTXAOHZMRDVCCK
438,2023,08,27,ORA345,ORANGE,846.57,JDQYMEHVSBDSMXU,CQWPADZJXNQYJCR
439,2024,08,12,WAT789,WATERMELON,812.41,TPBSWGJYBXFTYGQ,THSEAZWLEECOUWV
440,2023,02,01,ORA345,ORANGE,772.66,UWHMPIZHUNIIATV,INKLABOBLPMUIOJ
441,2022,12,02,POT678,POTATO,275.71,OCVOLQMEGSJMJNA,HDQBBJCFWWMNAFB
442,2022,07,21,TOM890,TOMATO,889.55,UIXXUKXXXHUGFYG,ITZNNBSGDLLWXTU
443,2021,09,25,POT678,POTATO,848.73,DHLHWEIEQLZCASZ,YJTUZWPMUHFFKPF
444,2024,02,07,YOG345,YOGURT,145.91,USMAKZLRRCLKEFQ,DRUXYQDDKDBKMNC
445,2021,01,17,WAT789,WATERMELON,754.34,JIHQLTHHBFHNABC,ZMAERTDLZTLQJJA
446,2023,07,20,LEM456,LEMON,981.56,GXGWMBFGFOAXHUK,ZKZLXSJVEXYQHRH
447,2023,01,26,NEC012,NECTARINE,520.71,WPVWNQVWVODHKSC,RTOLEOAYUOCIOEK
448,2021,11,09,RIC234,RICE,555.5,MVYYESVRUZHSFZG,FPJVFNHXNOSYBCV
449,2023,02,25,NEC012,NECTARINE,799.23,UKNKLKPWTXBJMFI,XSNEJKVPXWODBAD
450,2021,11,21,ZUC678,ZUCCHINI,546.78,EMSULTUJXWFVOQE,XONDTGHAULGJITC
451,2021,04,28,QUI901,QUINOA,99.12,MEJICYBXQBMYLVA,RULEWQOKUUWLGIK
452,2023,08,12,GRA901,GRAPE,74.75,EEAVDVTIISDMBRI,XHIBGSZGHOBPQLW
453,2022,02,12,VAN456,VANILLA,157.75,MPZDAUOFJHHPHHF,FSQLDJGYSZNYEII
454,2024,09,17,HON234,HONEY,490.43,MEVNYABHHKHTIKY,WCBTBKWCFAHMPOU
455,2021,12,21,BRO901,BROCCOLI,166.75,ZGDUNHPVUWLGNYS,KVELARBJXMJVFJS
456,2021,12,12,DIL567,DILL,88.37,KCDBZRRONDPQZOR,YQSYMZBUFTLIBMC
457,2023,04,15,BRO901,BROCCOLI,196.35,STNWXXFOYBUJUPL,CJQXZDMPULCFSSF
458,2021,06,10,BAN456,BANANA,416.39,GXGEXMAQPODDIDN,URBJPBLDWNTXOOA
459,2023,02,22,BRO901,BROCCOLI,168.58,NVNWCBFCRLGKSQD,NFUOOOWNGZBBRAX
460,2021,06,04,KAL123,KALE,280.93,NCGZFJWXYJYEWMZ,QCUXNEIWVQPSJNY
461,2022,05,02,VAN456,VANILLA,589.18,MIJDULYVHCKRLSL,MHIZKXLBOUNXVMQ
462,2023,08,26,APL123,APPLE,657.93,NHUPFLBZXPRXHTG,HIOXHZNLEXCPKKY
463,2021,08,14,LIM789,LIME,348.26,ZCMJTPZXDPZYXFQ,YRMXIXDGPZOPLFP
464,2021,05,23,LEM456,LEMON,345.16,DJLRJEVFVGZUMSI,CMFOAESFGGEBIQI
465,2022,07,06,CAB234,CABBAGE,567.07,FEUHBQJUGXPNQPE,GNZHJCHLNJYFHQV
466,2023,05,01,EGG345,EGGPLANT,139.16,JOATGEUYUADRDXU,QPYVWSDXSKUFDYJ
467,2021,04,18,RIC234,RICE,52.54,PLVICLGKAFZTHTX,VFQYFFMWTSPXBIK
468,2023,03,06,WAT789,WATERMELON,516.84,PFLHIVWHZVOJXWM,IQLXVHTYXYHYUXT
469,2021,06,01,STR567,STRAWBERRY,749.94,GSIAMAQKOXYHDHR,VUXULDEVKPAVNCJ
470,2022,09,01,APL123,APPLE,87.78,NREWZTVAQFQFMBR,YRFWFRDCJPXYFMJ
471,2021,03,24,DIL567,DILL,360.77,PWSXSERXAKTUICO,NVFCSWHLIQKUEVQ
472,2021,03,06,NEC012,NECTARINE,252.3,GTMYPWBFZFZVRZA,SZQJWOHVCSRJRGL
473,2022,10,06,RIC234,RICE,597.17,JSHUAZCGYPTGBYP,HMDMXVAOPWAUYQC
474,2024,11,21,CAB234,CABBAGE,470.45,EVGEOGEEMIRXATL,OYACTXUPHCWHQVA
475,2024,08,07,GRA901,GRAPE,485.12,IJDAOPXMYSGPNLM,XSGBPTYRRNHXDAO
476,2023,06,07,EGG345,EGGPLANT,145.13,YZYBLXSJVOVOYSA,UFAGOVCTESKRLUI
477,2021,06,26,ICE567,ICE_CREAM,661.06,PNHZGBZSJHKJAGW,OXIQQNRFOGFCZVE
478,2022,06,12,DIL567,DILL,167.87,NSZCGWIVUWLNLXO,DSPECNSGMSQQAPZ
479,2024,05,01,CAB234,CABBAGE,481.72,CELBIHPYQCIUVUW,TOCKYBBHYHIUHZB
480,2022,01,05,APL123,APPLE,760.88,VHFOBSNEQGXIJKW,RRULSOKSDWOCPYT
481,2022,05,08,TOM890,TOMATO,8.26,GZKFLHSWNZCGDBF,CDKOMGCBBLGRZSQ
482,2024,06,15,CAB234,CABBAGE,322.64,YZRFFBYBMKIUSHH,AVXGFXEYVTUIGJG
483,2022,11,24,VAN456,VANILLA,491.24,IZNKSRGIDAWPVHW,LNEBRMRNFSWERKZ
484,2023,10,19,MAN789,MANGO,338.79,TDLAJBYNIICDPEG,VAQMEUVQEELKTKS
485,2022,01,06,KAL123,KALE,973.94,PGAIGVAVKHDYCNN,JNWNHTCLBUHWUDW
486,2023,04,02,GRA901,GRAPE,221.3,YXNAQLKWYGMJWUJ,MULBBSBLXVSKZHN
487,2023,08,28,WAT789,WATERMELON,520.46,LHAYWXDJMIXQPXJ,BWTLHXRCNRXYUHR
488,2023,06,05,CAB234,CABBAGE,155.1,ZVHLLHYKFYBPPLZ,JDRXBEXBXDFYKSN
489,2023,09,04,EGG345,EGGPLANT,153.38,CTNDHCVQCXZPSQV,LMBNVDRLZVPIPSP
490,2024,10,23,DIL567,DILL,786.13,ELXCSCMXCCEYDBY,TEFZRWVDALGFFZS
491,2021,05,07,KAL123,KALE,411.78,RAZEEBAYMVSPRCV,DXAUXLOTWJSSELL
492,2021,11,07,BAN456,BANANA,529.47,ZECTPDNSKLOJCYR,AVLOHFMSULDSKXB
493,2024,09,16,MAN789,MANGO,503.92,HZZVLGRFVPZHFOY,NSGSYDGJQBVEVBJ
494,2021,08,25,ZUC678,ZUCCHINI,899.07,ONQQVHGTAPMXPBD,QJLRMZPNHZCUHSI
495,2024,12,18,MAN789,MANGO,682.68,WWRVWHVDERNJAAT,EHMGEADMRXWUTXS
496,2024,10,17,POT678,POTATO,261.69,QTCPDILUVPLRVJC,KAWVJRUHEEHKCNA
497,2023,05,24,GRA901,GRAPE,340.84,EGQQXUNTOZDSJXM,BBNDDRFZQRPGDSG
498,2021,11,19,LEM456,LEMON,830.52,FLSGKOTKTIBKVXV,ERSMJJARLLFDBHI
499,2022,09,12,LEM456,LEMON,705.97,IWNTZJQHPWUBDYK,JSIYFOOXXZYOPLW
500,2023,09,02,ORA345,ORANGE,580.97,ZOYCZVUGPOZNOEG,BZRLQZZCJHUHFBJ
501,2024,04,12,GRA901,GRAPE,639.81,TEIWKQOOAKINPXE,YUJJKSNEAFGXZGE
502,2021,07,19,QUI901,QUINOA,659.92,OCTHBOYTCSKOKSH,FQAYAFNXFHPWDCS
503,2021,05,24,LEM456,LEMON,343.98,YJIYNEKXUJDNGWJ,LOLQIWBPNNJJGOQ
504,2024,10,02,ORA345,ORANGE,659.83,UZZHGRDHSDLMYKV,SWEXBDLGUXVNRXS
505,2024,05,27,DIL567,DILL,790.26,PEHEQFPJUCVYDWX,XLYXJJRALXBAUEP
506,2023,12,09,FIG678,FIG,479.03,QDSQRZZGHTTWRIW,GAFAXHWSZZTPBIM
507,2021,03,06,MAN789,MANGO,849.44,CZXTTMUVXIPJHBO,LCHSPADYHLNTWID
508,2024,02,25,HON234,HONEY,984.0,ARLCFDAUHPEWMGZ,QWRNJPWUAERELSW
509,2022,06,25,WAT789,WATERMELON,835.74,DYYBFAUMFTKSWQL,SHIMXSKWPVYDQFE
510,2023,01,24,ICE567,ICE_CREAM,968.89,JZLTWJNTCQOKBFV,QFDMSGEQFEGINUI
511,2021,07,02,CAR789,CARROT,735.05,LMPSDCXPUYCJRNH,CWZCTBLABLOSBAY
512,2021,11,12,FIG678,FIG,143.32,VFDQHEQHQUAILRM,RJGXWTBAVTAHXHJ
513,2023,06,03,QUI901,QUINOA,831.83,WGNJWWROWHGLSIO,SXFHAKYEMSKRIHN
514,2021,10,12,LIM789,LIME,574.01,PIQRDERBLYGONDX,FAIVOPYENCMZGUE
515,2021,03,08,BAN456,BANANA,720.35,NBCZZFDXXFVPGMD,LODULIIDAYNWSGI
516,2023,10,01,LIM789,LIME,794.79,RFFVKSMBXGZCYTH,HUHJWBPWRAQLEKR
517,2024,05,05,LIM789,LIME,647.68,KFTENGJUYTFEIOF,RCCPVMKBMNSSPMH
518,2024,06,01,LIM789,LIME,440.23,YRVJAOHQWDWDWLS,ASJUSFBWRNTUBWC
519,2021,08,07,HON234,HONEY,185.51,VZSXLEKOKHPSDTO,DZOIXRCREJNFZII
520,2023,10,07,RIC234,RICE,817.63,PJGDVSVHXRVSWDU,PRSUNSRSQJSIAAE
521,2023,08,25,WAT789,WATERMELON,336.68,YVCALORHNLLPZEX,PNXISZRCCCXBFJF
522,2024,02,12,POT678,POTATO,231.87,OWUGOLFSPDWXVHX,OSUPHCZBPRXDGMA
523,2023,10,14,DAI012,DAIRY,973.95,XGFRHLGBXNTGZWK,RMCOCHRYVFTOCUF
524,2022,05,01,EGG345,EGGPLANT,611.63,MEDMQAKKTXOHSBR,MMFBVCHHMDGJKUJ
525,2023,12,03,GAR890,GARLIC,816.4,KCXIHMNCGLJMLQU,FENBMPFPMHOQJOU
526,2024,12,02,FIG678,FIG,166.18,PECYCPEMCUGCVDM,YOMMPMGWPRWAMFP
527,2021,08,24,ORA345,ORANGE,956.83,OOYHUSVBXKFTXNU,YGHVAQMXKBOITLI
528,2022,06,22,GRA901,GRAPE,373.69,LRGWUEMMYTIYWBO,MMGZTFVXLUAZRUT
529,2024,06,09,NEC012,NECTARINE,273.43,VJYTUXCUAYMVEPF,EZECOZHZFKQKFHO
530,2023,04,17,KAL123,KALE,897.88,SQFRAVIJBILMYRM,IPGNXGBJNYNYEGG
531,2021,08,17,ICE567,ICE_CREAM,310.84,RCMUISOHLHUIUTW,RLGWWTWDMYSUTSQ
532,2023,10,13,FIG678,FIG,433.2,DQRDLCQSFLHGKNR,RSZMPLDEWEBILHT
533,2023,11,17,ORA345,ORANGE,112.48,YAVEKWXOGGQWYJB,ZMQCIPKPZVDJBCO
534,2024,04,20,RIC234,RICE,228.07,BJVNTZQPJMXSLTK,QPJYIIIXZREUQQU
535,2022,01,17,WAT789,WATERMELON,376.62,OCQOYCUNRKZXNON,TKTGXEFSMXPXBDE
536,2023,09,16,APL123,APPLE,443.23,SEMXDDVASHLRYXM,UBKMEEHMCJUCLGT
537,2021,02,20,LIM789,LIME,677.22,GQMNZTQAVADTLMA,WMQGZTVQIPKLRWZ
538,2021,12,10,FIG678,FIG,45.81,DCSXZEQMBKFIFNK,DQTLPAVZCFAZKZK
539,2021,12,22,TOM890,TOMATO,277.23,FTIYAFHWJHCVZNG,MJVHVMKYZAQLVAS
540,2024,11,25,QUI901,QUINOA,911.11,JYHLCAQKKRMAPOI,JMHDIGMIIAQGGRR
541,2024,12,11,GAR890,GARLIC,888.93,SYBZJNTOLVHYPZD,NRCUPDTYTUTCPAF
542,2023,11,01,CAR789,CARROT,955.83,YKKTZJBYIQPWDWH,VHTGXQIQFYBRCOQ
543,2024,11,25,FIG678,FIG,61.79,TBCJWQGMFREBUGN,LHQWCJTBOZKPTIQ
544,2022,03,24,ORA345,ORANGE,479.23,OAWYUECXYBRHHTH,JUXLHRADNCEDASP
545,2021,06,04,QUI901,QUINOA,630.9,AAKHKMMZKBBALJA,UPWHYWVQNDVXRKV
546,2024,03,19,TOM890,TOMATO,300.8,JHSLCNIQAWLZDQD,SMBYXNRLPSXSANP
547,2023,01,11,APL123,APPLE,802.39,ASKWTSELUDDKWUA,TISPYBHZZMUNUDQ
548,2021,12,12,NEC012,NECTARINE,36.37,LZDDPFBVYHHRTGE,HQYFQMVXPNHTIZM
549,2024,12,21,APL123,APPLE,925.91,GQNJNIGOKRHRVAB,GHYMLTMVPJUSDNX
550,2024,02,19,DIL567,DILL,60.66,JPNFROYIZRLNUKB,YGFNODDCMJMUOGS
551,2024,05,28,DAI012,DAIRY,387.99,ZTMADFBFBHCOAUD,QTQSGSCPPMILFUF
552,2024,02,03,DAI012,DAIRY,807.35,FMVVSQHBSJAXPRG,XUIDMHVVMTGNIDM
553,2021,07,15,BAN456,BANANA,528.57,DPLGIHAPAKBTJVT,GZGBIEOUEUQJXCE
554,2021,10,17,LIM789,LIME,308.37,WIYYFZMFEWWOTLE,GCUHXIEAQGOCFBS
555,2021,08,26,CAR789,CARROT,820.29,OUNNTLTEGXGDIII,FRHDUNLORHNMZLB
556,2024,08,01,GRA901,GRAPE,932.7,DWYAJLQTPJXUECD,GEFZALQIQDWPJLN
557,2024,10,05,GRA901,GRAPE,239.27,NCIFKYXPGRJPTTB,ZHOIQWYJANOCCCV
558,2023,05,21,ZUC678,ZUCCHINI,734.16,HBPIRLHSBASMXJV,NVWVVSQWBYTDMAM
559,2021,05,20,ORA345,ORANGE,278.52,QBOCJBYRQONWSIJ,YFQRXNYPNNTXHYF
560,2021,11,08,STR567,STRAWBERRY,756.6,LBRHTEAZGVZAQTE,VOVJZJAFVCXPLVU
561,2024,05,22,HON234,HONEY,686.88,ZUNAYSZTBDCNUXZ,JQDVIECUVCSSCYN
562,2021,10,23,LEM456,LEMON,404.72,MHOYGXFHSVBEZVG,NNUBBNAGWGTGPCP
563,2022,12,01,GRA901,GRAPE,548.5,NFDMJFCROZQMIJF,RYXHFJSJNZXSYVP
564,2022,03,25,RIC234,RICE,857.12,IALFHJJRRBNHWYT,ZCXYBRMOMZIROSU
565,2021,02,16,VAN456,VANILLA,514.49,PIZKTNTNUQMTHGV,INDJCLMMNUYRXIV
566,2022,12,19,CAB234,CABBAGE,159.84,KTRSIOHUXCKZAJX,ENESLYWMSETMFQE
567,2021,02,27,MAN789,MANGO,332.49,LYKKOIYZSDQJJEZ,JEYDWQTGYGRNANE
568,2024,08,23,LIM789,LIME,868.47,DRKMQRRGYVSPUOG,KHFBWQFHSDKEBIJ
569,2021,03,08,WAT789,WATERMELON,456.38,JOUPLXKLLUBKFUQ,IXRPUFMSJWAVFSS
570,2023,05,23,HON234,HONEY,433.45,LHFPRHIWOGFRZWI,HRHJVSDRPLSSGMI
571,2022,12,06,APL123,APPLE,390.0,JXETUHUKQHORTCH,BCDLAWYRXKBXSAZ
572,2024,02,13,HON234,HONEY,365.29,ZACEQLSGCRURPKH,BRIBTXFNMFIDJKK
573,2021,09,03,FIG678,FIG,641.58,EDYFIZGMJPIEJXZ,LCVRVICCXBSYUQJ
574,2021,08,24,WAT789,WATERMELON,669.87,KBBCNKWKYZIWLBO,EWRFZQCWANEOZGR
575,2021,12,15,EGG345,EGGPLANT,647.35,OYRDRQBXVJLSTGY,BYJBVIWTISLABVI
576,2022,04,21,POT678,POTATO,259.94,DFDOMYQYMTFLHRW,GUMYAGTSKVSQIDA
577,2023,02,27,QUI901,QUINOA,458.62,KXDCCDRQJEYGQGH,AUPJTTCNQQRMWMA
578,2021,12,19,ORA345,ORANGE,185.53,DXANYINJDTVSKJF,IYDCTYOKMBYWGSB
579,2024,07,13,YOG345,YOGURT,251.74,UBOIUGTUNKMGWSI,BCLKQTTZZOOOYBU
580,2024,09,12,FIG678,FIG,628.54,EUWYQRZRJTHDSRL,IYZVBQWKZORSJKZ
581,2021,08,05,RIC234,RICE,571.53,SATWHFJWIECJUUP,RJMCWYEWNERLCXP
582,2021,09,20,TOM890,TOMATO,110.22,NGUJWWIUYOZZEES,AEQQTAIUMKSDKAG
583,2023,07,22,VAN456,VANILLA,585.26,PYQNARNKVITHKQR,AIUBRODLXFMTXLM
584,2024,11,12,FIG678,FIG,451.03,AUOOHKDUTQBLPYF,PKTOXYLUNHYUDIY
585,2022,12,11,ORA345,ORANGE,652.76,ROLQPZAJFWQCDRM,RXBATPZDUCBABJU
586,2022,03,23,RIC234,RICE,551.93,SUROPPEYKTVOTIT,YYQPAMUTXKGMTPP
587,2024,11,20,STR567,STRAWBERRY,710.1,DQUZZVMXMOQGQQY,RTBEJEBUBCPOZLA
588,2023,08,01,VAN456,VANILLA,552.52,IONBJBVUOFPINCE,IATBAVUHBLKKSGY
589,2022,04,13,DAI012,DAIRY,760.96,AZDJWTVAVYXWQXE,FBHETOEIEFUOQZZ
590,2023,09,06,WAT789,WATERMELON,650.65,KSQNVVWVUYNDCJP,DWJLUQTOFXZXKPM
591,2021,04,18,CAR789,CARROT,773.4,BFBECHPSHHLWYEU,MZNTSZGVREEMPQS
592,2024,09,18,DAI012,DAIRY,815.72,ALSSCAPEDXHWKJA,JPJWRVJKUMESSDI
593,2024,08,28,APL123,APPLE,88.92,IVZKIWKBUJGASOB,IYUEBURUGNVPCWR
594,2021,12,17,BRO901,BROCCOLI,841.93,FKWVRGHJMFEMYKP,QOCVQUOAQVEYGTS
595,2023,11,16,YOG345,YOGURT,127.22,IVLSIQKSEDIINTV,DCBRSKKKRZTQSSA
596,2024,02,18,BRO901,BROCCOLI,853.42,MEEEXJPGVXCCGIK,OUUMOPYPPDFPQED
597,2021,11,24,CAB234,CABBAGE,306.18,JTJYZZFINMOZLME,OJKYYFJVQPFJAQB
598,2024,01,22,BAN456,BANANA,854.51,YQCMIFKYFUYHMUI,DSKKTKGVYCJPWBX
599,2023,01,03,LIM789,LIME,127.88,TVWWDQDAKXIIHIV,USDLNJLCHCBEMDP
600,2021,01,26,GRA901,GRAPE,385.23,LFMFJMUKISFGSLD,AFSZDMGKFFQNPXT
601,2023,06,23,ZUC678,ZUCCHINI,918.46,HUYROUBXMHLENLP,CMBPYZCHUJGVEZK
602,2021,10,19,GAR890,GARLIC,748.5,URIMJCYLFOPQVDW,WVEURHCBGRMCJYU
603,2023,10,17,LEM456,LEMON,31.14,BTAHAVNBGPFZPWC,CYVHPMSXOPDKKVH
604,2022,02,22,LEM456,LEMON,745.74,MBEFEGSAYSPVVGL,SLDMRQTOTXIAOAO
605,2024,04,05,QUI901,QUINOA,612.92,JISDMOLNSXUCDBQ,ZPABNPKUBWDFSAY
606,2023,08,26,EGG345,EGGPLANT,400.23,NUOYWVPEXSXZOYA,KGVOGMGWREIXQPD
607,2021,07,02,RIC234,RICE,523.1,YOEFOOHVTIYGEHO,BSTYFWVCIWPJRQK
608,2022,10,11,APL123,APPLE,33.57,EQMMKDWFMVSHKWX,JDHIVJSXNOCVIRD
609,2022,09,17,LIM789,LIME,495.03,BSXIZUZQQZPTDRK,WOLZJBMBZZHVIAV
610,2021,04,06,WAT789,WATERMELON,145.16,WVAFQZENDXBVDOZ,IOUEQIDRLKFKUAS
611,2024,03,04,KAL123,KALE,850.57,NXTPIUKKMOHKOEZ,CUUDYWSSNZNVHVX
612,2022,04,06,MAN789,MANGO,370.73,KOAZVQRBTFEIPHG,PPWBJKVWKNRQIUY
613,2022,08,09,MAN789,MANGO,455.4,DEWFBSRIBKPWFKE,WHMWXSSHIUAIZPT
614,2023,10,14,HON234,HONEY,262.6,VLHULJLXOXYCONR,SEKJUTMTBGOEVPS
615,2022,06,03,ORA345,ORANGE,282.5,APNZTVSHSYMXVKT,LUALUCGSXMXWLXU
616,2021,04,24,ICE567,ICE_CREAM,103.87,LEDWXYMGYRQDSZL,HRTQARWSABPBUFL
617,2022,09,21,DIL567,DILL,103.66,HVEDBGBQUFEBJUJ,XZIBVLMHFKIWNRD
618,2024,09,13,QUI901,QUINOA,610.27,KNIYMALVOGYQXHW,ZHMBNUFRVKLIKIT
619,2023,11,01,STR567,STRAWBERRY,616.79,GLUHGDNUDTTNQSI,HVQYPKKFLBMEBYC
620,2024,01,28,DAI012,DAIRY,264.33,VEBMFJWBPOREVKR,ATGXFZNHJFFYBZN
621,2021,12,01,VAN456,VANILLA,76.29,ATLSPCBEJBGMWVC,HACRVGCZZSPNAAH
622,2021,01,04,CAB234,CABBAGE,173.48,CFPNGJXMIDRUMIE,MCXTYBWQWXDWIGF
623,2023,04,24,QUI901,QUINOA,791.43,ZYPQDNCNGPLIDCS,QODQNWHLQYPLGYU
624,2022,03,24,APL123,APPLE,580.92,WMDJTVNXVDLFAHY,DWBQDKACDJLEPQH
625,2022,01,15,APL123,APPLE,540.27,ZCQRQVFMTTGFFSI,EVOYOWZQNAAJELW
626,2024,05,04,ICE567,ICE_CREAM,656.62,ZEJUNULTGEWIDTF,HQXYIWJDOIURPHI
627,2021,12,01,CAR789,CARROT,154.86,CYADBETBHTILKLI,MYNWPSPKRYKNMCO
628,2021,10,16,ZUC678,ZUCCHINI,756.31,OQAPVWVFWVEVJHE,SQFOBNMMZCSPNWI
629,2024,05,25,DAI012,DAIRY,762.36,EJIELJSYFVZXFNH,QKAFKKLYBSPJTNW
630,2022,07,06,GRA901,GRAPE,34.92,XAEPNUJFEIPXBAO,TNQWFTYAQEFAVZX
631,2021,10,09,CAB234,CABBAGE,533.59,TQWXFQBTBBJQPOI,GNEPFRICOPESDRA
632,2021,12,18,CAR789,CARROT,366.08,BSNTGNMFOHVVUXS,YLUFBTLALQSPASG
633,2022,01,04,POT678,POTATO,171.69,EEAKFKZYGLVKQKJ,YTWNCGDEMIXXFSZ
634,2021,02,20,GRA901,GRAPE,145.78,QHENDMFUUFDFRSV,RVORDDXPWPINAHN
635,2021,03,10,LEM456,LEMON,568.04,OXSSCEZAMQXNDAS,RTUJNBFKZCVUNIR
636,2024,04,25,APL123,APPLE,610.5,NUNKZQFOKOJFOKE,IHRWYAQTPZPBEFH
637,2024,07,01,ICE567,ICE_CREAM,237.96,ACUULCBIYEYXBHI,KEIQWCRMMOXNGPU
638,2024,10,12,GRA901,GRAPE,914.11,GXOKWAQQIHMQDJI,QWCRVVGTNROPKJR
639,2023,09,02,RIC234,RICE,874.93,SPMZTBBKFBLZEGL,PWVESGWJYWKVVFQ
640,2022,12,25,POT678,POTATO,431.79,XSYHYKWLDAMGJCH,YHCUWYPNUWQOWKJ
641,2021,07,09,BRO901,BROCCOLI,487.92,GCWINNSNDYDOZNT,UPGGROAQTZGBLCW
642,2024,08,08,RIC234,RICE,431.94,NXZVLUVTCRLKJLI,AGSFIENWTDGZFEA
643,2024,06,10,QUI901,QUINOA,509.17,YWQHRWYLWSJKXWU,WMFHFPMCUCHSEIB
644,2024,03,16,FIG678,FIG,89.12,QUWHERAJNJRZNAB,NWEIAXYAXDLMDQA
645,2022,11,03,APL123,APPLE,244.48,PTKGOZYUAVQTFNU,UURDTSEUAABINBF
646,2021,09,20,KAL123,KALE,122.91,HZAHKACIVRDESDP,RNAGMNGIJCVKNWM
647,2022,08,20,ORA345,ORANGE,346.78,LEWFZOESEIRHGLV,SYSLODJNJFZCYOV
648,2023,06,06,ICE567,ICE_CREAM,572.92,TCXUENKIMWZGNBW,TEHEGZYPZJMNCKY
649,2023,04,24,KAL123,KALE,744.72,ZZWLOPUVBKAFJOL,YYCZOGCNSDWRELZ
650,2023,10,15,GAR890,GARLIC,541.47,YHHSOVNASHDIPPT,DZIVIYHMVTYWPJG
651,2023,01,03,GAR890,GARLIC,743.64,GDWOHMOGOUYLUJQ,AQOEUXFYBNOLURO
652,2021,06,12,QUI901,QUINOA,599.73,WOOXWPSYKFVLDEA,WCEAGZYWZFQKHGO
653,2021,04,27,VAN456,VANILLA,738.36,OUAMXUTYLXATUOS,HTJVDHDZFKLJUMU
654,2023,03,23,EGG345,EGGPLANT,361.18,AVNXKNHHVEFQVSI,BDSJFQJSMPWBWAA
655,2023,04,05,FIG678,FIG,246.31,OEERAIPEUNJYWGH,ODGHBQFGQYPMXLI
656,2022,09,15,DAI012,DAIRY,963.5,TKYFMXNCDLSUGWL,MINPOUNHYDHJMEF
657,2023,01,19,POT678,POTATO,42.74,LDJQEBODGYMKCXF,JHZTDBYVTWVGPNA
658,2022,08,13,TOM890,TOMATO,860.09,WRZVVJTCAKURTXF,OYVOYEUCRAYPYIM
659,2021,11,02,EGG345,EGGPLANT,122.52,NLVXEPLDMPXJCLW,MEVVLMUWNMJKQIH
660,2022,07,01,RIC234,RICE,967.67,ADXVCGPBCJZZLVR,OKICVXUZWMVLXFA
661,2022,12,25,GAR890,GARLIC,789.51,KTIIHXGWHZANTTC,CRFEAWJUPHQTXZE
662,2024,12,23,GRA901,GRAPE,207.85,ONHLTIORXKXPCXQ,NTGOKXHBSGGMPMS
663,2021,02,10,LEM456,LEMON,816.89,SFPIERINKWBYDJE,DKHLSDVTOOMRTPP
664,2022,08,01,LEM456,LEMON,212.59,UNSXDTYHZJEDDCZ,ZPIWKOZXXJGDAFT
665,2022,07,04,POT678,POTATO,568.05,ZVZFNPLLZWPUTKT,PQEHWCOESEETVLO
666,2022,11,18,LEM456,LEMON,514.09,OBXRVNKFXKAXWLY,VNXCPNJXDOEREOA
667,2023,03,21,RIC234,RICE,892.15,XXCQBTRKWBLTODA,HZELXEYUMKKVUNI
668,2023,07,15,HON234,HONEY,774.04,UBYWWSLFHTTHDQT,FGIWJNJVDGUURAF
669,2022,05,25,MAN789,MANGO,336.6,LULAMKWJRGOLBNG,PJCPLGHUOFMKTHU
670,2022,09,03,MAN789,MANGO,343.35,IDICQKZJMMTMSLL,CKFLJGGKENMEXMR
671,2022,09,01,YOG345,YOGURT,156.56,QENTIIWSZRTXUIL,AYWOKTHUIVJMCCP
672,2023,04,02,ICE567,ICE_CREAM,985.77,VXIWHEWZFTQJPPI,EZEZTWFETIVPDUF
673,2024,02,17,BAN456,BANANA,323.63,ZKOFHJFZRYBWWVJ,EEPULAUUHQRGAQO
674,2022,01,23,TOM890,TOMATO,315.83,CYVGKGNRXFDQZHY,WNHKUIZJFWGOJYE
675,2021,09,28,FIG678,FIG,364.62,KGUVKPBYUFKIJUJ,MANEORIVZUMYYZE
676,2022,04,07,FIG678,FIG,470.09,QCYIGWLOCSXNIAN,WXCDSHBZJQOXKQH
677,2024,12,27,CAB234,CABBAGE,754.71,GUBAQUVAPSPXETG,MUOVQIHZUXYZOKO
678,2024,05,24,KAL123,KALE,167.07,EUTPFWLLZHWDKBO,QVIBBTDTEYKHPOB
679,2021,08,06,ORA345,ORANGE,595.93,HHGLJTWPIZCCFNS,OIVFCHYTUQFRBRQ
680,2021,09,12,APL123,APPLE,928.62,ANCSVFZBJAMKKAX,AXLNZJQOQCEHFEN
681,2022,12,14,CAR789,CARROT,825.94,BRJWUHWQOHBDBYZ,YKFJOYMYQMPNQQD
682,2021,01,02,DAI012,DAIRY,740.2,BBFJSQCCLANKISH,EFKEAMCDBUCPIHF
683,2022,11,22,GAR890,GARLIC,552.44,LZOXVFSCEHVMZPQ,LSEMDKOIIIGJOWD
684,2024,12,26,YOG345,YOGURT,846.21,NCNUPHSQDKXEVZO,SHPHUUPDPFWAQBE
685,2023,09,11,DIL567,DILL,189.12,PYKWFRYXIOPNNLN,ALMGVHRGIVXHNZN
686,2022,07,02,BRO901,BROCCOLI,267.66,BJGCGIDHQOXOXMB,IMVHOGXLMZLAJXJ
687,2023,09,06,HON234,HONEY,379.15,DRMGMFSERARNFYM,ECAUSGSHXTSHSOZ
688,2023,04,06,ORA345,ORANGE,373.85,OWABZPFPMYZYWVW,XSBOXFVQMGASIST
689,2024,11,22,ICE567,ICE_CREAM,472.27,HNGBRYRHREYTYQN,KRFDUVOERDNSNRR
690,2022,07,12,GRA901,GRAPE,738.33,JVZJWPQWGTBHZDM,FODVTTFJHHSLRDM
691,2022,07,04,CAR789,CARROT,628.22,UBFMUTGBREPPLOS,WCHSKXUZCLTYTDK
692,2022,03,24,CAB234,CABBAGE,775.94,EMRDXZNQFUFCGTK,JBBVDWCSUDUFGSO
693,2023,12,23,EGG345,EGGPLANT,344.82,JPFAJTCGEOBZWGM,QSSCKDKIWLOSJUU
694,2024,05,28,KAL123,KALE,480.35,CSILQUNCKPYPLJH,CENSYQLDGEXWMRC
695,2021,02,28,CAR789,CARROT,861.6,YFEFSRYIEASHCWO,KIMXFHGRZIACYLR
696,2022,10,20,LIM789,LIME,550.4,QGHJBWSLASULQDR,SWEYCOLAKXINXUF
697,2022,10,12,WAT789,WATERMELON,269.94,WRXJKRSBHHCLVYT,HQGHTSGBGSPUOCI
698,2024,02,24,ZUC678,ZUCCHINI,166.75,KFPBRMARFHWIZOM,FJZMQMOFQQPIEHQ
699,2024,04,07,HON234,HONEY,998.21,QYTKSIRVGIOLMLV,KYUBQLJTQZBVMTM
700,2023,10,04,BRO901,BROCCOLI,14.71,SUQMSYSSLEEWAZI,BYUUKSFPTLMYYKJ
701,2023,03,14,FIG678,FIG,238.56,PDCNVRNMCLYPOKW,WHSBVAFIPXJYAKI
702,2021,07,22,ICE567,ICE_CREAM,36.76,DULUDGJFJQENQKR,YYHRTISMHUWZIHN
703,2022,11,09,STR567,STRAWBERRY,69.91,NFNBZTARBMOPRMQ,UEBFBOSWADGFZPC
704,2023,09,09,EGG345,EGGPLANT,542.3,QQVRBKUHRQHEDDE,NPMVGYCNCPIKDRG
705,2023,01,06,FIG678,FIG,934.39,XZALZSFSFUWIBFA,PXTMHYEDWJJKBSY
706,2023,08,12,VAN456,VANILLA,376.97,CGIHOZVNVDOAQVU,PKYHZAYMBKRDYHS
707,2024,07,17,GAR890,GARLIC,862.63,PJWAZEIVMFHAUBS,HTLKIPYQSKUDUDH
708,2022,04,18,POT678,POTATO,278.35,LVVIULLROLSUNVK,PQSRZBLASLDPKCL
709,2024,06,28,WAT789,WATERMELON,685.54,CSEJEAWFCPPHYOE,YBPGXPNXNPKIAKH
710,2023,04,05,NEC012,NECTARINE,528.08,ULEQODZKYKTMACA,TJIFFDPBJZRXNTS
711,2024,02,10,CAB234,CABBAGE,955.27,UEINDMXAKLJUECX,EACMLEENOGTCUMA
712,2022,04,27,VAN456,VANILLA,664.11,TEQQPTCXMGJZLTW,FKXDUJFREEGUPCC
713,2023,04,28,KAL123,KALE,308.83,EBXNARSJPZZODRJ,FNCRBJXGDKKCITG
714,2022,01,02,RIC234,RICE,656.23,ORATFNFBXIBHALJ,RNEQDSLFIIMZXUQ
715,2023,03,20,APL123,APPLE,758.76,WXHNBFZFBLIBOZG,TICGAJRFWSECOAS
716,2022,11,04,EGG345,EGGPLANT,150.73,NYQUKUHVBBCJVRZ,MXBNCJUXEDSQZJT
717,2023,11,06,APL123,APPLE,302.13,DAIXEVDLFJBIMII,MDFFDUBUJCDUBZL
718,2024,06,27,ICE567,ICE_CREAM,438.57,QALGRGOJPKASIZB,OBAFBFJYTIBPGSP
719,2022,12,01,TOM890,TOMATO,704.15,FHSTXBZMCHQYTJC,JBXZUAFRFGSBJDO
720,2022,12,04,VAN456,VANILLA,265.17,YIWCQAAURPRPMRA,TQEONAWKQQEJPYA
721,2021,05,06,FIG678,FIG,619.64,DLZSHRRFXVORXBX,CBXKWYUKEGEFSFX
722,2024,01,19,NEC012,NECTARINE,515.35,RVIZWFJFLXKKHTQ,SXDKYQZJGJXDPRM
723,2023,05,26,HON234,HONEY,727.58,BJCEKIVQSMDUZOF,ZWTXOTFGUUNSXOM
724,2024,02,01,DIL567,DILL,763.4,UHROUQGCPFIOXNF,ZVSPKPWHFQKZZMX
725,2022,06,03,POT678,POTATO,110.2,UXDYKVFXZWDCHWT,MGIZHKSOVCVEAKV
726,2021,08,26,DAI012,DAIRY,580.45,LHDRUKWMQFZIJBH,RWOTATSWMKXMPBZ
727,2024,08,28,RIC234,RICE,558.71,TSEJBKOFVRHDBQH,YGYKISVSKRAXBUX
728,2022,08,28,TOM890,TOMATO,363.09,AXTOFJILDWPUGER,DKSXHULLXOHLHMV
729,2024,02,20,QUI901,QUINOA,438.6,UVNTMWAKMBLDUCP,SUITROTEQZWTBUC
730,2023,08,26,TOM890,TOMATO,799.16,RJKZXRFHHWNDDPV,MJYUMWKGBDWEGJE
731,2021,12,27,APL123,APPLE,391.92,OISXIUOIYQEMGHI,QDYZOVJHRYLSGKQ
732,2022,03,15,VAN456,VANILLA,229.38,PZHVFFRLIFNFAFO,FNAOYVPXKMYKXOW
733,2021,04,17,DIL567,DILL,567.02,HICRLYTRPFZJNUN,NBVPETEOZPJSJLW
734,2022,01,19,YOG345,YOGURT,960.73,HUGVIGYWZYSSBRQ,KHYQXYYGLQBPGPE
735,2023,06,01,MAN789,MANGO,865.4,BCDPWMQLOSWLWVI,ALQSKXSFEMUSRMA
736,2021,10,11,DIL567,DILL,41.58,OFXZREGHKJKIEVK,CPNAHZVSDSPZYKQ
737,2021,03,18,NEC012,NECTARINE,100.87,RGUBQDIGGNGTXLS,HMNTCKIZNNHJQXQ
738,2022,12,01,LEM456,LEMON,195.2,ZIXIQMWVROGKVOD,KWUVHMQIAPGMXPM
739,2024,12,06,ICE567,ICE_CREAM,401.42,EIYKBXYTXSHPJVX,LIEBIBUUPWPECYY
740,2022,03,28,BAN456,BANANA,26.28,SMRQCJBXFWAQNPZ,ETMVNBYPEPZRHPC
741,2024,03,27,BRO901,BROCCOLI,328.59,CVQQVCRWGRPCXXL,MJWNTFNKUNEQWLS
742,2022,08,17,CAR789,CARROT,691.85,JVOOSIESJPRCKYN,ENAQVPWBRYPYOXE
743,2024,04,17,FIG678,FIG,508.84,QNAIPSJDLLWXNCT,GVFXBOSVGWJDTOE
744,2024,02,24,VAN456,VANILLA,12.02,HVCTJGUKKWUNEZQ,JWKDNXZJBFFOKGX
745,2021,11,22,ZUC678,ZUCCHINI,624.92,IPBSHEGLRUFITYO,PGRUXSIFYYUGCDU
746,2023,06,16,FIG678,FIG,803.51,IHTIKHGAEFSCESP,USJWVFLRONRCLIS
747,2023,05,09,ZUC678,ZUCCHINI,207.57,YRIMOZCGPJHUDZD,DJJXLUFGPEVAPEN
748,2022,10,28,KAL123,KALE,533.74,DFVJHZRWQWMSHSL,JJCPCUEAAUYIVOI
749,2023,01,12,ZUC678,ZUCCHINI,466.76,COKEBFSSTYBUZDC,GLWGYACPJIXHYTC
750,2021,02,10,ORA345,ORANGE,955.42,VWCRPEMHJEUNZTN,PXPFNMTRVJFIVFC
751,2023,08,14,WAT789,WATERMELON,389.98,NZFUGSGLLQEGETJ,LWHVLVJQPSZKOQA
752,2024,07,06,ORA345,ORANGE,621.93,TJAWBVWFKIZYTXP,URONAGEIXLIUCLH
753,2022,03,18,RIC234,RICE,261.41,BAFWIUIDLFGBHNL,NHHQZIONRJDDOKK
754,2021,03,11,VAN456,VANILLA,344.18,MHSPDJOXSSDLOUX,TQSQUYWCIQAIRYC
755,2022,09,06,CAB234,CABBAGE,340.34,ZAMGHYWVWOIXOWS,QNTOLXMYLWSQXWE
756,2024,03,03,ICE567,ICE_CREAM,396.35,MGWAVBSXVCAJNRK,PHVMIJVTBFPLUWT
757,2021,07,07,BRO901,BROCCOLI,12.55,ZETPNQUDDDDARRQ,XLFXKPPQDEKKXNN
758,2021,07,12,STR567,STRAWBERRY,140.16,HCGKLCBHJLDXOHE,LRLXUKFALWQGTCZ
759,2024,07,20,ORA345,ORANGE,926.83,IXPXFNOMPADHMQW,UCFDAQQBCNIDIGW
760,2022,03,22,MAN789,MANGO,963.69,LIVYJJZXALULGLT,KNETTZYUVQSFGFF
761,2023,06,22,POT678,POTATO,642.46,FXPFLSYKACGUWOL,DJMMYXKIPTLBNJY
762,2021,09,06,STR567,STRAWBERRY,112.39,YMYRUEHFDFZIUNA,ATRDDZKHFCENRWG
763,2021,03,15,EGG345,EGGPLANT,998.44,VFEUVKRZYLXHQGS,YPPFMFLEBRNCQDW
764,2022,07,08,NEC012,NECTARINE,386.52,MNCHUGGABTGNBPH,JFECIEFYPFVCAWN
765,2021,01,26,GRA901,GRAPE,644.93,HRHAWXYEIXOGTYF,IGAWADUOEQRKNWT
766,2024,03,05,CAB234,CABBAGE,156.8,YRCTNIKEKMMHJIT,MMDGKMMNPLXZYLH
767,2024,05,16,GAR890,GARLIC,917.18,BDUXMODZKVUOHLL,DBKDEGAASCZRVLV
768,2023,08,22,BRO901,BROCCOLI,555.64,OWYQCZVBZLGWKOZ,DZIDPLAOZODOJFU
769,2024,12,24,MAN789,MANGO,219.5,UELKRCTWZIRZAWD,CXIQRMYUGKFWPPM
770,2023,09,07,POT678,POTATO,607.48,KEDYXJDLFMBPKCE,FWXGJERGNJLZPTI
771,2022,03,07,BRO901,BROCCOLI,878.23,SZPSTFYNDYYMAJX,MUZAPSHQAFDCSBI
772,2023,09,07,EGG345,EGGPLANT,603.69,ZGYVIPZWGZTOCYU,AHXVTXQXLNGSWPW
773,2022,09,07,APL123,APPLE,503.54,CHWCXEDRWZESXYC,OEGBHIENSEACENJ
774,2022,04,28,POT678,POTATO,544.06,AJSOWKDFPHTZZFZ,KBMKNOQLNCPELSP
775,2023,04,15,WAT789,WATERMELON,587.69,DADSZPOXENFYPWY,TBAEFRNADUFYOQQ
776,2021,10,21,BAN456,BANANA,369.0,UCDVEDVLAHGJNAP,UDCZZGEZMKJJJCN
777,2022,11,01,BRO901,BROCCOLI,474.88,BRWBQLXFCHGPROB,HQEECPNPUFRKOOK
778,2021,01,21,QUI901,QUINOA,223.82,HUMWVYUEREUDWPY,ZFWTYSVIRYOKTKP
779,2024,09,25,LEM456,LEMON,500.84,XGQJXRRRANTGLYM,ZERUDISBPMZANQE
780,2021,06,22,APL123,APPLE,419.74,TVWQGWXVHZUDYQU,DBUCFSCSBLTVFXJ
781,2021,06,28,DIL567,DILL,597.49,MPIJCEUSBSEDKNB,YAVAGCOIKRZZEIZ
782,2024,09,15,HON234,HONEY,127.36,YYWNJXNTELQVDFN,XFBYSDIUGZLDSJG
783,2021,05,07,WAT789,WATERMELON,409.55,VOEUNKVBZZGKTNF,XCEHELPREROVKLF
784,2021,01,07,WAT789,WATERMELON,35.28,CQDNXKEMBQAYCTI,MTCMELKPFXLEFTM
785,2023,07,01,POT678,POTATO,977.92,MQILABIVKUCBKEI,QFUMABACCSLUPPR
786,2024,07,07,NEC012,NECTARINE,284.86,CVQBXZAMMLYVKAA,BNJMXAGJZETGAJX
787,2024,06,16,BAN456,BANANA,828.42,LQWGCRMYQRHODMN,AXCJHXUMBVWGRNB
788,2024,06,05,RIC234,RICE,141.29,YVHOLIENAAVLGAR,DAWEUILDXHAZGHG
789,2024,04,05,NEC012,NECTARINE,539.82,HKKVETJVEONYWLS,YXMLNAQYJKKIRGO
790,2022,11,14,CAR789,CARROT,893.58,UVYJIVIATSUNKHV,PQREPECMESDQZWT
791,2024,09,07,DIL567,DILL,250.06,JUHKFZEZLQEKOUX,NHJPEAQDQZAGOWJ
792,2024,01,09,VAN456,VANILLA,484.76,WOVCQZRDGXOHLNM,GELGGAHNSEXLRKO
793,2022,04,21,BRO901,BROCCOLI,171.68,FXNLRNWPESRFXWN,JTDHNNSKIMCYWAA
794,2023,07,26,YOG345,YOGURT,996.94,UQZEFYTHOYAYPLB,WIZDIGLCDDJHEVT
795,2024,12,06,STR567,STRAWBERRY,491.13,SLNACZIUUUJYNPI,VPOVCRDJJHCVMWC
796,2021,09,15,VAN456,VANILLA,283.66,PWBLOVHVEVCIBGD,NTDQCTMDHLDGWLB
797,2024,09,18,FIG678,FIG,381.68,JWCOIQIERRDHZFM,NJWQHDUGDYZNUYD
798,2024,06,18,CAR789,CARROT,412.6,UKRWRTIAGPMVFQF,HDPIWUMFHPHTSGA
799,2022,05,16,LEM456,LEMON,500.95,CHOVAUFOYALBDTK,HWZZBDRAEXXXEVP
800,2024,09,25,APL123,APPLE,216.64,RFNDJEJLOYJRJOO,DYNUPNVTOPUTRJY
801,2022,12,09,ORA345,ORANGE,906.63,USTPVGNXPBOGNHJ,NMGYAWAAFBYLPAN
802,2023,02,04,ORA345,ORANGE,944.52,TDLUCFTAJJKLSKQ,FORHURQWWAEGPEF
803,2021,07,09,CAB234,CABBAGE,394.48,WGAAMQSNLFJNHDJ,YEUIKFLYDYFTBZL
804,2021,12,27,YOG345,YOGURT,87.21,CXHZDOMGCPJILZA,DEAHGGKGETKYMYP
805,2024,03,27,TOM890,TOMATO,37.98,CSFGXBTRVFCWFUK,DCOSAIXNSHGJXDE
806,2021,08,11,GRA901,GRAPE,396.96,SEWNOHAIBFZGPKM,JOEIJNJRWVFAWPU
807,2023,07,04,DAI012,DAIRY,906.62,JYAORLUSDITVCKF,GSNGNEFQJVACOUC
808,2021,09,10,CAR789,CARROT,658.14,YRUJGTDIDLUCYFQ,UAXBCSUNJZDLXDF
809,2024,10,09,STR567,STRAWBERRY,231.32,NAOUQYLOFWBZNMN,LZPEIZDKHDPIBRM
810,2022,10,04,ZUC678,ZUCCHINI,150.71,IBBTJRZWHWGXWYX,XHPXGYCMNRDTFGG
811,2022,08,20,ORA345,ORANGE,66.74,ABISYNOOMDIHUDD,XLPYOLQBNWKBGDM
812,2024,01,13,ORA345,ORANGE,454.15,KZSPKKSDFDXRZCO,MVKLWMFTQBPOJED
813,2023,05,07,BRO901,BROCCOLI,969.39,TDSTQBVSJMGZGZQ,SJBPTZEGGRUNPML
814,2024,08,28,LEM456,LEMON,580.93,YIIDYTQSATOXISB,LLIDYGGRMEZRTRT
815,2024,11,05,CAB234,CABBAGE,33.35,WFQDQRGTATWZAUX,WICSVXPDHIOTESH
816,2022,02,18,ZUC678,ZUCCHINI,92.84,GLRTONGDNSUTDAK,FQMFTQYEODKZXPK
817,2021,08,14,STR567,STRAWBERRY,216.96,QRZVPQPTBJNTCTA,OXXSZFUIIWTCILC
818,2021,04,18,GAR890,GARLIC,546.77,KMBSZRWYQILBLLO,WVMBTJYBJQWVUVJ
819,2022,04,25,VAN456,VANILLA,742.35,JTLIYIVOMFDYCHZ,NIKLWJOPIJDOLIG
820,2024,10,19,RIC234,RICE,292.39,EYLUDLAMCWFBGQZ,HJAUFSWXSMQBQMP
821,2022,06,03,ORA345,ORANGE,22.67,KSMGVCGNLNYGGDU,FNWOTIQMYVCHHYC
822,2022,03,11,VAN456,VANILLA,423.94,EKQQKGYBKRJZMWJ,YSPACWEGBENFYLY
823,2024,02,22,MAN789,MANGO,787.72,JTDMFFSIMOKFMRY,CSAZDZUWXDLMDNL
824,2024,10,24,NEC012,NECTARINE,344.53,WYLBUJWGXYIKNQA,MZSZDZHOLZLMVIT
825,2024,01,06,RIC234,RICE,842.01,NOJLFUJFGHYGMIE,UANSBYOSOHAIWZL
826,2021,05,24,APL123,APPLE,902.46,CHRJRGRLHFCFQEV,NZDDYUUUYKUAUEC
827,2021,03,24,QUI901,QUINOA,587.94,OPEYCEZPCASRELV,WYEVRYJAQRMXJOL
828,2021,11,07,ORA345,ORANGE,901.94,MZLIQHUZXTEOSZB,HSCYNBUBIYVZYDJ
829,2022,06,13,POT678,POTATO,109.17,RLERAHBZTDBXCSW,NOLSFGFMKFUGMYJ
830,2022,05,24,VAN456,VANILLA,412.59,CMTAVJMLRKDYYQL,XOIXOAWIMUGMDFW
831,2021,06,04,ORA345,ORANGE,714.54,BZSNAHVOXUKCBUO,RFZRYRIPVCUWDGO
832,2023,07,19,BAN456,BANANA,182.85,NDMLEHJJEJNVLYV,BKWRGIEOHVTZSBM
833,2022,05,18,ZUC678,ZUCCHINI,361.1,EONFGYAKBDYMMNO,XXVFQGOUWYMWFXX
834,2023,04,27,ORA345,ORANGE,201.59,YGQKVPCPGCMJCSM,WRUKVIREKONQYEM
835,2024,12,21,DIL567,DILL,888.77,NAONDTDJQESKXND,PSFMEBKCMXBNSCA
836,2024,09,07,EGG345,EGGPLANT,638.23,LYKEDBWPJGTTLPH,NEDWEGIUUXPSEZD
837,2024,09,27,ZUC678,ZUCCHINI,525.57,NSOHNIQUAFTROZD,GKCNFCRSFQQCYZO
838,2024,07,18,LEM456,LEMON,835.43,CFJHWFSBJFJYGAJ,PAIWUWAWFHGRVWY
839,2024,12,07,QUI901,QUINOA,216.4,HIPZWNIXZGMSBEI,LVOVRMENEUIDXJQ
840,2023,09,15,NEC012,NECTARINE,530.71,MMGNALVJFJMKRKO,ALGYPQRZMPWGRSR
841,2024,03,27,TOM890,TOMATO,686.87,BZSRZAMWVOTOZOY,TTHTUVJTDXXSFSH
842,2022,07,27,LEM456,LEMON,746.27,LZZJTJKNQQRDWBZ,DNSLHJYPSCKGVJA
843,2022,11,15,STR567,STRAWBERRY,88.52,EEQCFCDOETXELCH,ZTQASKRHCRULZCY
844,2023,04,10,TOM890,TOMATO,270.17,PXJXUWHCDKKMJAD,DFXIWDJFVAQKHOF
845,2023,10,10,APL123,APPLE,224.43,KDJZQMYXPGBOBLQ,KQLJZWVTVWUIUZZ
846,2023,08,01,RIC234,RICE,395.56,RUTCKWNLURMEXZO,GCTZAVUSIZJVPNG
847,2024,06,28,GRA901,GRAPE,575.34,HMHRLCOCGUTPNCU,HBATHNBMRNBMXBN
848,2023,11,06,STR567,STRAWBERRY,788.81,CFHNPCUIZXRCCEY,PLEDVPHQTIRHDNV
849,2022,06,06,NEC012,NECTARINE,993.4,NLYWWZUJBMDALNO,DZUOTXBQUWUBATO
850,2021,11,12,HON234,HONEY,717.95,MLDQCPHIMJWFPKG,UNDJQZSPAIZOPLD
851,2023,08,27,GAR890,GARLIC,932.09,JWLZHHYMLWTEEPK,NLWUXVUXDGEORUR
852,2023,06,16,TOM890,TOMATO,213.94,ZPFGUUCVXDMEHMS,WDDMUVKZCCPNIYP
853,2023,03,01,VAN456,VANILLA,113.41,KBAJKYOJDBMJFJV,MQYYIDXSVBNMKLA
854,2022,08,15,ORA345,ORANGE,878.16,ELCFRGUPDWEPQRC,SUJDSVNCDQCTZVN
855,2021,12,25,KAL123,KALE,874.53,YIRVCXKPOCCMBSR,UDFRGALIGCVRJMZ
856,2021,03,10,QUI901,QUINOA,771.71,UJTLZVIXSBPPZTT,BRLCCRAEHGZSXYB
857,2024,04,20,ICE567,ICE_CREAM,300.99,IRQTJOZNRBLNGTP,GTDYOLNHRRROFZG
858,2022,07,24,GRA901,GRAPE,221.15,PLKZZKDRBMLZUKZ,CCMPAERXHNYCVCT
859,2021,11,19,QUI901,QUINOA,417.52,IFRXFJMXNVDVUNL,XDSWBMCJKGXZUII
860,2023,05,21,KAL123,KALE,988.11,KZEWPEXXQFXMNOU,RKFHOZBELTGCPKA
861,2024,02,19,EGG345,EGGPLANT,968.92,CGHIFHZRBVITGCC,MVQHUUHVRLJXLRN
862,2021,10,06,ICE567,ICE_CREAM,996.12,KNKXWVRYGKNWRMQ,VVYUHKFPGXVNNYF
863,2021,02,21,LIM789,LIME,696.4,ECCCICJQPHJRQER,JGLLHWIHKURCVOK
864,2021,04,22,DAI012,DAIRY,770.84,RUYMLQEJDNCVTOC,TAKNWOQMLSBUFHN
865,2023,06,17,KAL123,KALE,999.87,SWGLPFSGGGJBTTN,BFGFTRQMBJJCGMF
866,2024,06,25,QUI901,QUINOA,567.41,UMCLSXYRYANWJQM,UFZZPOSJLLSHZOX
867,2022,10,28,LIM789,LIME,565.4,KOTVDDYAXDQXVJO,LDGBZATVTDVFXEM
868,2022,12,02,MAN789,MANGO,630.94,BXBZXNAEOBCKWEJ,AUSCCCJCOZPWKWH
869,2021,05,18,APL123,APPLE,183.03,FDBDASIUHTTNGRI,JKNLVZLOMDLGIHV
870,2023,03,02,TOM890,TOMATO,805.69,WLDBDKXHMPBEFBD,BGEGPHISGFHMWGQ
871,2023,12,25,FIG678,FIG,780.45,AQDYBHZPZYDSQJE,CGRHCQAKVJEKMGT
872,2021,01,03,EGG345,EGGPLANT,959.81,OEVTNLTQLKVYPHU,LZYTFFMJMGKRSSJ
873,2021,02,11,QUI901,QUINOA,91.51,HKKVFRLMQXXPAWP,EHSNOQUIKGDWSYB
874,2024,04,18,HON234,HONEY,589.15,DGAWSSPLGRGAOXO,DKFCVCMHBYAPUWG
875,2022,11,15,BRO901,BROCCOLI,963.81,GQWUZPGLDDDAVJI,OEUPIECYWFBIVFE
876,2022,09,23,BRO901,BROCCOLI,877.08,XMJZPZZMNZLMQYV,CNWZIHLEEORBIZE
877,2023,01,26,ORA345,ORANGE,14.23,BJDWJDXOUOKYHGV,KZUBBEENRWOFHMR
878,2022,11,27,BRO901,BROCCOLI,17.15,ZEJTSEFSUZYRKTM,AZJMYYZNQWZIWPL
879,2024,03,16,STR567,STRAWBERRY,796.71,KBEYWUVJUEFDNVD,JFFHWVOXYRFSCIM
880,2024,10,02,QUI901,QUINOA,348.88,VZSQOACIUTFLFWO,AVZJQIUPEDSAXDT
881,2021,01,13,DIL567,DILL,819.06,TJEPCBBKXKEPKNU,CRXLWGVHONDFNQB
882,2022,06,09,DAI012,DAIRY,35.65,MLKHTCLTZFUCBQS,TBRIEKUFJZQFUBR
883,2023,11,25,EGG345,EGGPLANT,617.27,LVRUHTOHOLEUQUL,JBANPCUWSIUCRZN
884,2023,04,09,HON234,HONEY,503.16,VXMXNWIYJDYZSCC,NWRKJLZVYKVEBLJ
885,2023,02,02,GRA901,GRAPE,197.62,PETMRYFWQOPQIPF,IIAAIZGGZVMQGKZ
886,2022,07,16,QUI901,QUINOA,926.51,BSNWZOGKTFXVIFF,CNUAJIAHOFBFHSH
887,2022,11,09,STR567,STRAWBERRY,286.22,IDGMNIJQKPAXXRG,FXKWXBACLEUUJNE
888,2021,07,06,FIG678,FIG,812.64,CTOZBUVRUWIKHFT,AYASFFLSNZNEDGY
889,2022,01,20,QUI901,QUINOA,452.39,VRDZLUINRXXSEST,JFARHFBBFQJXNIC
890,2023,09,01,GAR890,GARLIC,830.25,TYNMHBZFIRJBWNE,DZNKIEJCRKVQMLG
891,2021,12,06,MAN789,MANGO,201.52,TILNXCLFEYDEZLI,DZIXHCAZKGYYXZM
892,2021,08,08,TOM890,TOMATO,755.86,CWHZPTTMOARTJDN,EQMTAXBXBQMYJZI
893,2023,04,04,FIG678,FIG,595.35,DOIRWMUZLJQFIKA,NKWIQZERAFXCFDP
894,2023,05,15,MAN789,MANGO,122.87,RRBMQTNCHWFWRQF,JHIUSHGJUFYYEDB
895,2023,02,22,STR567,STRAWBERRY,552.83,IXRQPMFGAYRRLXM,GTBUZEEJUFLCUSF
896,2022,08,23,RIC234,RICE,794.6,GBDZOJCFOUISEZC,XDPZRWFQWMMOBGQ
897,2024,02,16,FIG678,FIG,493.72,HPOYCNBQEPVLDIQ,ZWKDDOFYNCRMEMY
898,2021,06,11,CAR789,CARROT,988.27,WQEXQWSCFDHJBUH,YRXBGYAQADPSJHE
899,2021,02,17,CAB234,CABBAGE,906.88,UXWXWOLVSFPVIAC,AXAAEGGTMAPCAKL
900,2022,08,12,VAN456,VANILLA,618.99,LFSRVGYGSHCFODK,WDKZLLTRXPSUCLG
901,2022,03,03,STR567,STRAWBERRY,787.53,IDAGIILSBDYNTDE,BNLHIFGGIUAVDLE
902,2022,10,16,BRO901,BROCCOLI,249.9,XQUVPDFSCVBOUKM,RVSDPCDUVINKDWI
903,2023,08,14,RIC234,RICE,734.48,HCVLWUEUFYXOHKS,UIQSQWJKUEOMDVX
904,2023,05,17,QUI901,QUINOA,888.11,YBTLVWTUKXDLTTD,PKFJMEAORGNFXNT
905,2023,02,01,KAL123,KALE,111.03,TENYDCCYJNKKAWN,CIDYMBBMINOSGGB
906,2024,01,12,CAB234,CABBAGE,44.14,TTFXOEWERUBXFYD,YFSZPASZBQCRDVJ
907,2022,07,07,APL123,APPLE,426.94,FPKLFRSLSWMXIEW,HDAVKUZZRAJRBQW
908,2022,07,01,GRA901,GRAPE,945.66,FXVUCMMQIYDWESO,GNVJFPZMFEZLLZH
909,2023,07,21,WAT789,WATERMELON,152.81,HSRLCMPKTMWHUNR,EZVPHCBAMMQQMFP
910,2021,05,03,DAI012,DAIRY,332.14,LCUBSTOKBDAGWSW,AYIZBEYYTIYNBCJ
911,2022,02,18,POT678,POTATO,481.92,DCKFUPHJEVEPAFB,TDAXLUEDBCUXKOY
912,2023,04,14,APL123,APPLE,189.75,LYHQQDPXDNYQNXX,BROTTVFACWCFUJW
913,2022,07,12,ZUC678,ZUCCHINI,404.14,TOEQQNPWUMMREVJ,WVRYUEPIPWJCNBW
914,2021,05,18,NEC012,NECTARINE,188.62,OKOAZPMBKYSEPDL,HELMWFISQMJRYYA
915,2023,10,24,DAI012,DAIRY,397.79,YFKANPDBSZUPILC,QIKJYHRSTSEVPYR
916,2024,07,07,APL123,APPLE,457.37,MYEZTMAQVPJQENC,MQEDLUIZFJLNRMK
917,2022,08,07,ZUC678,ZUCCHINI,458.89,HWNLUGBLWORAXTM,KUGCJOTCEDGDBSV
918,2024,04,22,ORA345,ORANGE,159.04,HTLQKYMYOYPDJSL,LPYWNZJXEZWPDUZ
919,2023,01,22,KAL123,KALE,137.12,UXTSVYSDKITMFAO,JQBYNSWXNMZLNNI
920,2021,05,03,BRO901,BROCCOLI,233.34,ZRGLPSPNHCSBGEF,JMSMDKQYUIRDVVS
921,2023,05,06,GRA901,GRAPE,301.67,GIOBNJWGZOTPHBK,CWZPBNMWMKVEFAG
922,2023,12,11,GRA901,GRAPE,31.04,EDTUYAYLALIZZAS,EFERTBLPSADKJWU
923,2023,11,24,EGG345,EGGPLANT,724.86,NZITNVXUWTTWNQE,UNJLZPYZHFBPLDE
924,2024,09,28,LEM456,LEMON,551.02,JREVMCAUUMFHBDT,XHYFIHYRSMRATFW
925,2021,10,06,STR567,STRAWBERRY,712.07,KOYTNYLOLDNFTJU,QMHSYOWQVCIUYPR
926,2023,06,24,RIC234,RICE,593.61,YMBWGTUJBJAMUPV,FSFAKVUIECCPCVA
927,2022,06,15,FIG678,FIG,466.08,UKCKLDYGKZCNPGT,UAICQVZGROCNECW
928,2021,09,25,QUI901,QUINOA,828.11,FNVFPSUFEJLSAXY,CLKKNLAVZPJXGUV
929,2021,01,23,LEM456,LEMON,628.9,PFUFOZOBZRSMNNQ,RYYZCMUKIEEFZBD
930,2023,10,25,TOM890,TOMATO,841.32,ZPFOKWRRTAVEOGJ,PQTEYLQTKCHLLQL
931,2023,08,17,YOG345,YOGURT,914.65,CSLYFFABBSUODMX,HIOIEOMBJXOZJGU
932,2021,08,22,ZUC678,ZUCCHINI,927.47,PLFZWYFGNYBXHNA,ZIOYEMLLGQPHIMO
933,2024,11,03,KAL123,KALE,936.66,HUUQXFPCIOKOCQN,CSCNOIOBXRAZFNI
934,2021,04,27,APL123,APPLE,221.91,QPXJRGXQRNDLFIS,LMXAPPRPUGEHEOO
935,2023,01,02,KAL123,KALE,206.31,XMGUTFXBMSFKSDO,LCONBLINCYHKTWO
936,2022,04,26,BAN456,BANANA,807.93,HRTIMTRANKYIEXJ,GELAEBTBQWTGYVF
937,2022,02,12,BRO901,BROCCOLI,838.12,ZDTSUCSVEMRYFMV,OHJDWXOPHUADFNM
938,2022,02,09,ORA345,ORANGE,525.27,UOVHLYRKETBPDMS,VWEKCEXFHYJNMQU
939,2021,05,01,NEC012,NECTARINE,565.59,ADRARCOEPJRFYHZ,NQPTOTNYTWRIETM
940,2024,07,04,TOM890,TOMATO,705.48,QHBKEQBRXLHRGWE,AOWTGAWPFFFAFCE
941,2022,02,24,STR567,STRAWBERRY,27.17,OIAWISOYTKNRZQP,WMYHBHMPGHJEAQI
942,2021,08,01,ZUC678,ZUCCHINI,842.6,RVLEASSOFLUUPAE,WYPWLWFHJYVSSFR
943,2024,10,05,QUI901,QUINOA,977.52,FXEKLRSYBMTQSUK,KOPLVAQBGAAKXFT
944,2024,11,13,CAR789,CARROT,389.64,VSNFYXMWNEUNHDF,QPACIWWNTTEUXNV
945,2023,02,21,DAI012,DAIRY,898.61,AFQHVTGBXGQXFFA,RSPOHTDTRWYETCG
946,2021,05,11,GRA901,GRAPE,66.04,WSWQOGHNOXAROAZ,RCDOYEFYMADNCEG
947,2024,04,27,WAT789,WATERMELON,908.18,OVHULTVBCSALMFY,QDYUFBINHQUVRRR
948,2022,09,06,DAI012,DAIRY,968.02,BZGXPVUCKTORKML,XTXKOASDEUSANKD
949,2022,12,06,KAL123,KALE,645.3,CPAUDCQKOKTILKY,OZOYRZMYOJQCHVT
950,2021,05,26,FIG678,FIG,852.95,BNWYZDJXESDYHTG,EEXDSVNZCHUEMBU
951,2021,03,22,LIM789,LIME,731.16,ZZVNTTYBOCMNVVE,SMZKTGZPILFWMUQ
952,2021,09,04,BAN456,BANANA,836.55,VWJAFABRLJAXOCX,NVUOIDWYBXZABSK
953,2022,05,20,MAN789,MANGO,387.02,HHMINRNZQVEAEWJ,OVTMFMYENLEWVDR
954,2024,04,21,HON234,HONEY,296.02,KZIUBJGAIVUJWQD,QGCNOBQURCIEBJY
955,2021,01,09,STR567,STRAWBERRY,121.8,OJQORNHBBTPWITA,SMEWOLSCGPELCGA
956,2021,01,02,STR567,STRAWBERRY,13.94,DJDSWWSCRRDRDWV,PEXWGLQWHDCFXPV
957,2021,02,25,POT678,POTATO,433.33,OVKDZITWFAUQPYG,OXRYMVXQMVUFUES
958,2021,06,08,LEM456,LEMON,360.74,AKKQYTRSZAGVRXF,DCRMSYECVBDXHIS
959,2024,07,03,CAB234,CABBAGE,242.44,JNFKTFQMJHYCZDY,DVMVHJZWOBGHWPQ
960,2023,07,08,APL123,APPLE,319.97,AGPNLEXTBCWJRAC,JBYCTSGWSHBWQDV
961,2021,03,19,APL123,APPLE,986.12,HKYLJBTOYNSIMIA,CFNFBVLOTSWPVYW
962,2021,11,11,RIC234,RICE,707.2,FHLUGMQVNFFLSTI,GRLXCJVANQSKSPN
963,2021,11,04,CAB234,CABBAGE,946.41,WEVULLQXPRTRETW,GKTVUJQVRSDLKPE
964,2021,07,09,GAR890,GARLIC,520.32,LGRCSXXMMAXLPNJ,PBHLZLBAMAGKNMN
965,2021,12,18,ICE567,ICE_CREAM,748.86,GWUTUHEYLRKJVMT,BSTKAFDVEBOSESE
966,2023,12,23,YOG345,YOGURT,161.67,UTDYCQNLSPILVXS,DMWQRYWXNFHNEDC
967,2023,08,16,WAT789,WATERMELON,452.24,ZMJSSVRBPDNSTVC,SIDPIQKPSORVNTX
968,2021,08,09,KAL123,KALE,337.17,QJFOHATLADODOPQ,CGTKNOUSAOJHQOQ
969,2021,08,25,FIG678,FIG,793.62,XINUXQSJEGUZJJC,PXUECZBAZCQANVY
970,2024,08,10,MAN789,MANGO,611.25,SCDRFYLHMYKEICE,LVVXROFFTDBMYFH
971,2024,09,26,LIM789,LIME,569.72,EZUERDSFMPSIHZP,YJYULAZVSSERMZJ
972,2021,11,08,DAI012,DAIRY,559.24,XTIZNHWLNVNBNTO,BYMNIWZAEVJCQVV
973,2022,10,07,TOM890,TOMATO,221.39,LXUZFQUAFWDDDYK,XNRBVZXZYYXLHSG
974,2023,09,18,ICE567,ICE_CREAM,957.86,FAYHXDOHRTJGSHV,SMQZPCHWFECGHHO
975,2023,12,12,CAR789,CARROT,208.98,LHMXVYXIACMYZNX,AGUBKBDJDEKDKPI
976,2021,10,16,LIM789,LIME,542.43,EQOBRYGDLFBEWPU,GTTOEIUHYFGWPRX
977,2021,06,08,ICE567,ICE_CREAM,407.27,PKXXYTEROUGVDDH,CFEPZBYUNVMEMOG
978,2023,09,17,POT678,POTATO,720.99,MIDGBREYJISBIPZ,RCFUTNPCSYXWTRK
979,2022,11,19,CAB234,CABBAGE,777.57,EPZOIYQSCKZOXUM,WANZWPUIIMSEFMU
980,2024,11,01,BAN456,BANANA,974.39,WQAZUAMCMOOEQLE,ARZUHYVJYVYNENY
981,2022,04,15,VAN456,VANILLA,760.08,RPAQCOTAMUHSTRV,AUEZVFSAQSQXZMM
982,2023,07,05,RIC234,RICE,495.85,DLNBVUPQPZOBSUJ,HEJRDIRIACMOVOR
983,2023,11,28,GRA901,GRAPE,907.39,ZOGKOCIRFOAYEQX,VHAGWCCAUTBSVBI
984,2022,07,21,DAI012,DAIRY,212.15,OLOCVMUDCNIUYKY,VBSIXGUYWRUTWER
985,2021,11,18,RIC234,RICE,851.93,HQLISAYCZABMOQL,FRZFJGEVKEOKDDH
986,2022,10,27,TOM890,TOMATO,294.16,HSOBFMIRYQNPHMN,NRIWTNYNDVXHSEH
987,2021,12,07,GAR890,GARLIC,540.09,BPXZJHLDEQOZVZO,LNTDIMDIALCUKGO
988,2021,12,01,NEC012,NECTARINE,912.82,LTIFEDSDDVTEJLH,TPSTYBYXRCOMDOH
989,2023,01,03,YOG345,YOGURT,34.92,GDWKYUQIFUMNKUR,YVSBSPWUURCIFDJ
990,2024,01,17,KAL123,KALE,526.16,HBCZHKYMKYDMJDZ,HBRJQENTYQCXYFV
991,2023,06,01,VAN456,VANILLA,291.68,FGEPOKTOSADOZCH,LFWJSWWLXEJPTZZ
992,2024,03,07,GAR890,GARLIC,598.3,YJEBPUVARKRGHML,IARCUOTBNTLKEBK
993,2023,05,02,NEC012,NECTARINE,243.46,DBQICVKYEHMBRDN,WCWWNWBRUZWPRQO
994,2023,05,12,ZUC678,ZUCCHINI,659.65,ZPPQBXORKPEKHGU,GUCWBZGABDOOZXC
995,2024,08,04,GRA901,GRAPE,852.04,VHWGGGYXBFNFFBO,BUVBMXIAAAGFMEZ
996,2024,04,09,ORA345,ORANGE,34.31,JIBAPJJEIHFUODF,RBYDNUWIOMMYQUI
997,2021,08,08,LEM456,LEMON,432.24,WKJRYMYSROGHMCS,YBKLZHQZFBGGZFS
998,2024,11,20,TOM890,TOMATO,628.33,DRGJYFRDVLDLXVE,IXMETBRTUZNUXEQ
999,2023,05,23,KAL123,KALE,321.5,DBRNZGNYFNFMZQB,AALEDEXWIJGRBKS
1000,2021,09,20,GAR890,GARLIC,799.7,NMGWYNULLEXOYGW,SYPWYJYBOSQPBWE
